case_id,source_subject_key,role,outer_fold,condition_id,coverage_fraction,geometry,selected_components,selected_resolvable_components,selected_resolution_limited_components,train_positive_budget_B_i,foreground_unique_voxels,background_unique_voxels,selected_component_ids,selected_component_quotas,background_semantic_sha256,annotation_semantic_sha256,artifact_file,artifact_file_sha256,effective_protocol,coordinate_level_QA,factorial_training_authorized,selected_geometry_operational_components,selected_resolution_neutral_components,selected_alias_neutral_components,A1_3_changed_component_count
coronacases_001,coronacases_001,final_outer_cv,3.0,C50_COH,0.5,coherent,22,20,2,180,180,180,1;10;30;24;32;17;14;15;51;27;4;26;31;3;28;7;6;25;23;37;21;16,5;4;4;4;4;43;5;5;3;5;42;5;4;6;4;5;6;6;5;4;5;6,9771c8823c4699af8b5c4e44c10a30cccb4fc1de35edc8ad6f2344cac82f8b15,97b3ca0802d69e6a87c50ae453376ab60e72c890c445d775d8dfd5984b298fee,data/cova3d_training_grid_candidates_v1_3/coronacases_001/C50_COH.npz,8125111d46add757d573fe3e62e0488d43d0908a15ba5fb921767276e1b4125c,COVA3D_1.0+A1+A1.1+A1.2+A1.3+N1+N2,True,False,19,2,1,1
coronacases_001,coronacases_001,final_outer_cv,3.0,C50_DIS,0.5,dispersed,22,20,2,180,180,180,1;10;30;24;32;17;14;15;51;27;4;26;31;3;28;7;6;25;23;37;21;16,5;4;4;4;4;43;5;5;3;5;42;5;4;6;4;5;6;6;5;4;5;6,9771c8823c4699af8b5c4e44c10a30cccb4fc1de35edc8ad6f2344cac82f8b15,8370f21259693a6d859108404d987911e9ab1c0f6ffae90f5f51ece20603ab0f,data/cova3d_training_grid_candidates_v1_3/coronacases_001/C50_DIS.npz,b4027b2064c767e82c3d2d49fc45fd2c921eac1b90d4665384ee07c6239e0e60,COVA3D_1.0+A1+A1.1+A1.2+A1.3+N1+N2,True,False,19,2,1,1
coronacases_001,coronacases_001,final_outer_cv,3.0,C50_FRG,0.5,fragmented,22,20,2,180,180,180,1;10;30;24;32;17;14;15;51;27;4;26;31;3;28;7;6;25;23;37;21;16,5;4;4;4;4;43;5;5;3;5;42;5;4;6;4;5;6;6;5;4;5;6,9771c8823c4699af8b5c4e44c10a30cccb4fc1de35edc8ad6f2344cac82f8b15,bf3fd6575b1122f6f3dcda4aff2627207e5555709b78a364475e19f9928a22c6,data/cova3d_training_grid_candidates_v1_3/coronacases_001/C50_FRG.npz,bc52ea9230e8fccba4e7a8b6a18fa0b5c5789b8c24ed1a770ae0372c87daae92,COVA3D_1.0+A1+A1.1+A1.2+A1.3+N1+N2,True,False,19,2,1,1
coronacases_001,coronacases_001,final_outer_cv,3.0,C100_COH,1.0,coherent,43,39,4,180,180,180,1;10;30;24;32;17;14;15;51;27;4;26;31;3;28;7;6;25;23;37;21;16;12;42;35;43;9;39;2;56;40;46;29;45;53;38;11;50;55;33;44;8;48,2;2;2;3;3;17;3;3;2;3;17;3;2;3;3;4;3;3;3;3;3;4;3;3;4;3;17;4;3;3;3;3;2;3;2;2;3;3;3;3;16;3;3,9771c8823c4699af8b5c4e44c10a30cccb4fc1de35edc8ad6f2344cac82f8b15,ee6b1ab5ed56b9cd239d1e46a561a43015f61f0d867388f61d8b0e20bfb6d22b,data/cova3d_training_grid_candidates_v1_3/coronacases_001/C100_COH.npz,43040524f3c21b1776531a38c8b2599975a8b7394a7edf317d1f37729f90333d,COVA3D_1.0+A1+A1.1+A1.2+A1.3+N1+N2,True,False,33,4,6,2
coronacases_001,coronacases_001,final_outer_cv,3.0,C100_DIS,1.0,dispersed,43,39,4,180,180,180,1;10;30;24;32;17;14;15;51;27;4;26;31;3;28;7;6;25;23;37;21;16;12;42;35;43;9;39;2;56;40;46;29;45;53;38;11;50;55;33;44;8;48,2;2;2;3;3;17;3;3;2;3;17;3;2;3;3;4;3;3;3;3;3;4;3;3;4;3;17;4;3;3;3;3;2;3;2;2;3;3;3;3;16;3;3,9771c8823c4699af8b5c4e44c10a30cccb4fc1de35edc8ad6f2344cac82f8b15,529fc9398880ab6e7057773000f4e4af4355ae980e720503a12dd358feba0580,data/cova3d_training_grid_candidates_v1_3/coronacases_001/C100_DIS.npz,4e637a9b41d78420001c0ac0359009778957fa6ad8f8dea3d8f2727c847e332f,COVA3D_1.0+A1+A1.1+A1.2+A1.3+N1+N2,True,False,33,4,6,6
coronacases_001,coronacases_001,final_outer_cv,3.0,C100_FRG,1.0,fragmented,43,39,4,180,180,180,1;10;30;24;32;17;14;15;51;27;4;26;31;3;28;7;6;25;23;37;21;16;12;42;35;43;9;39;2;56;40;46;29;45;53;38;11;50;55;33;44;8;48,2;2;2;3;3;17;3;3;2;3;17;3;2;3;3;4;3;3;3;3;3;4;3;3;4;3;17;4;3;3;3;3;2;3;2;2;3;3;3;3;16;3;3,9771c8823c4699af8b5c4e44c10a30cccb4fc1de35edc8ad6f2344cac82f8b15,6b154ffa617f50ee186667c5689d1d1d31936a83d1614f7e4ebc2adf75b197f9,data/cova3d_training_grid_candidates_v1_3/coronacases_001/C100_FRG.npz,97c7d2b1ae70df4b6138d989ddb7da17da63f0ae08f71181fa2c342f730bf08f,COVA3D_1.0+A1+A1.1+A1.2+A1.3+N1+N2,True,False,33,4,6,6
coronacases_002,coronacases_002,final_outer_cv,0.0,C50_COH,0.5,coherent,14,13,1,144,144,144,15;27;6;19;16;12;21;2;23;18;20;26;14;1,7;30;10;10;8;10;10;9;7;11;11;10;6;5,638b5927997fa29781f586f10c1ccaf381747b18a3d63339bbe51626754bcb81,d9d41c12db4dcf79f76bfa308b6333ea9ebbe313db95dfa32f56862b56cc913c,data/cova3d_training_grid_candidates_v1_3/coronacases_002/C50_COH.npz,c8eac9a498aba63ea9d8c1fa68957e4683a125dc134f933b1c3342891a71835a,COVA3D_1.0+A1+A1.1+A1.2+A1.3+N1+N2,True,False,13,1,0,0
coronacases_002,coronacases_002,final_outer_cv,0.0,C50_DIS,0.5,dispersed,14,13,1,144,144,144,15;27;6;19;16;12;21;2;23;18;20;26;14;1,7;30;10;10;8;10;10;9;7;11;11;10;6;5,638b5927997fa29781f586f10c1ccaf381747b18a3d63339bbe51626754bcb81,00c5affe5cf3797c2958fd2c9ffc2ba9be05fbc1255bf797a37ea4b59ea1505e,data/cova3d_training_grid_candidates_v1_3/coronacases_002/C50_DIS.npz,67fd3cc94181e813d206860554d0a757432c2fd8a2079c31b44da5ea505f2617,COVA3D_1.0+A1+A1.1+A1.2+A1.3+N1+N2,True,False,13,1,0,0
coronacases_002,coronacases_002,final_outer_cv,0.0,C50_FRG,0.5,fragmented,14,13,1,144,144,144,15;27;6;19;16;12;21;2;23;18;20;26;14;1,7;30;10;10;8;10;10;9;7;11;11;10;6;5,638b5927997fa29781f586f10c1ccaf381747b18a3d63339bbe51626754bcb81,557f3c038640cc0cc604352bc2a79eac5b4a2bfeae7571b60029cba2da1fe0f5,data/cova3d_training_grid_candidates_v1_3/coronacases_002/C50_FRG.npz,4a0cfa9b2bd526c94995c60bbf75236e1d3c993f7ccd4e9971c36c8728c8132c,COVA3D_1.0+A1+A1.1+A1.2+A1.3+N1+N2,True,False,13,1,0,0
coronacases_002,coronacases_002,final_outer_cv,0.0,C100_COH,1.0,coherent,27,25,2,144,144,144,15;27;6;19;16;12;21;2;23;18;20;26;14;1;25;24;9;11;22;13;4;10;17;3;7;5;8,6;11;4;5;6;6;4;6;5;6;4;6;3;4;4;4;4;11;4;6;3;5;6;4;5;6;6,638b5927997fa29781f586f10c1ccaf381747b18a3d63339bbe51626754bcb81,72ac0648b531385c6de95c629358d425b81c15242796f68e40cf41f7cb41f278,data/cova3d_training_grid_candidates_v1_3/coronacases_002/C100_COH.npz,03cc1db6f9e987c20aedc18faecc711a7e0c20de6b972c65dc4f632e84cbba2a,COVA3D_1.0+A1+A1.1+A1.2+A1.3+N1+N2,True,False,25,2,0,0
coronacases_002,coronacases_002,final_outer_cv,0.0,C100_DIS,1.0,dispersed,27,25,2,144,144,144,15;27;6;19;16;12;21;2;23;18;20;26;14;1;25;24;9;11;22;13;4;10;17;3;7;5;8,6;11;4;5;6;6;4;6;5;6;4;6;3;4;4;4;4;11;4;6;3;5;6;4;5;6;6,638b5927997fa29781f586f10c1ccaf381747b18a3d63339bbe51626754bcb81,f561c12be69faa2092995f3e08700fa5474e238415a49cfb8d2c2937d43a6ab2,data/cova3d_training_grid_candidates_v1_3/coronacases_002/C100_DIS.npz,d498309dd284bf11d45f3b9912884e87f9be6524550f82969cf633f1af448147,COVA3D_1.0+A1+A1.1+A1.2+A1.3+N1+N2,True,False,25,2,0,0
coronacases_002,coronacases_002,final_outer_cv,0.0,C100_FRG,1.0,fragmented,27,25,2,144,144,144,15;27;6;19;16;12;21;2;23;18;20;26;14;1;25;24;9;11;22;13;4;10;17;3;7;5;8,6;11;4;5;6;6;4;6;5;6;4;6;3;4;4;4;4;11;4;6;3;5;6;4;5;6;6,638b5927997fa29781f586f10c1ccaf381747b18a3d63339bbe51626754bcb81,12ed58c6c8bd3ce7454afab0b0f60e375b682430fdabd8aed71d83efecba5003,data/cova3d_training_grid_candidates_v1_3/coronacases_002/C100_FRG.npz,a6b6b547c08b8f88c48d0c4a138d0370e260b8daf525aabfbb4ad85437162d76,COVA3D_1.0+A1+A1.1+A1.2+A1.3+N1+N2,True,False,25,2,0,0
coronacases_003,coronacases_003,final_outer_cv,3.0,C50_COH,0.5,coherent,20,17,3,261,261,261,39;16;38;26;20;43;12;34;35;14;2;6;42;29;30;27;37;5;40;4,39;33;5;9;12;8;7;9;8;9;10;8;9;10;9;9;9;11;8;39,e27051904ffe45b4db153b14f0a743df3002f4f9936a6c5ff985226a348b4629,149e93419ff0cbeb900bb05635961c5037dc4b262961fda9696b3798b6c7fdd5,data/cova3d_training_grid_candidates_v1_3/coronacases_003/C50_COH.npz,e090aa183dd1ebf02dc6a0e9ed8d30926f1d93d63519f4bb2c91111738081eca,COVA3D_1.0+A1+A1.1+A1.2+A1.3+N1+N2,True,False,17,3,0,0
coronacases_003,coronacases_003,final_outer_cv,3.0,C50_DIS,0.5,dispersed,20,17,3,261,261,261,39;16;38;26;20;43;12;34;35;14;2;6;42;29;30;27;37;5;40;4,39;33;5;9;12;8;7;9;8;9;10;8;9;10;9;9;9;11;8;39,e27051904ffe45b4db153b14f0a743df3002f4f9936a6c5ff985226a348b4629,73f3beda64df73795ce048c248ab6d7cc4eee9bc576816aa56ca40223ba3c910,data/cova3d_training_grid_candidates_v1_3/coronacases_003/C50_DIS.npz,428166a40b53c58eafbc9392e63ab5b59535b625e252e019df1b38578c705dc7,COVA3D_1.0+A1+A1.1+A1.2+A1.3+N1+N2,True,False,17,3,0,0
coronacases_003,coronacases_003,final_outer_cv,3.0,C50_FRG,0.5,fragmented,20,17,3,261,261,261,39;16;38;26;20;43;12;34;35;14;2;6;42;29;30;27;37;5;40;4,39;33;5;9;12;8;7;9;8;9;10;8;9;10;9;9;9;11;8;39,e27051904ffe45b4db153b14f0a743df3002f4f9936a6c5ff985226a348b4629,5f6fc0b878d0e6963bc09ae89fab36790a3d97270fb8f8b29f6bd6d9b4fb61ea,data/cova3d_training_grid_candidates_v1_3/coronacases_003/C50_FRG.npz,a6fc18fefdcd34ad6d42534a7ac0df7497d0ac1eefb60c9eeb1d38ef74f25ab8,COVA3D_1.0+A1+A1.1+A1.2+A1.3+N1+N2,True,False,17,3,0,0
coronacases_003,coronacases_003,final_outer_cv,3.0,C100_COH,1.0,coherent,39,35,4,261,261,261,39;16;38;26;20;43;12;34;35;14;2;6;42;29;30;27;37;5;40;4;3;1;15;41;22;25;21;13;9;32;36;33;10;28;44;31;8;23;18,20;19;3;7;5;5;5;7;5;5;5;4;5;5;5;6;4;7;6;19;5;4;5;5;5;5;4;19;5;5;6;5;6;6;5;7;6;5;6,e27051904ffe45b4db153b14f0a743df3002f4f9936a6c5ff985226a348b4629,4078146d85a94c4e8f14cd623592f347c4247a9aa87884bb562cfac57f76a7e0,data/cova3d_training_grid_candidates_v1_3/coronacases_003/C100_COH.npz,9c096aeaa40326823145a141637ef3b9ff7401ffd22867b204b64df2317737c9,COVA3D_1.0+A1+A1.1+A1.2+A1.3+N1+N2,True,False,35,4,0,0
coronacases_003,coronacases_003,final_outer_cv,3.0,C100_DIS,1.0,dispersed,39,35,4,261,261,261,39;16;38;26;20;43;12;34;35;14;2;6;42;29;30;27;37;5;40;4;3;1;15;41;22;25;21;13;9;32;36;33;10;28;44;31;8;23;18,20;19;3;7;5;5;5;7;5;5;5;4;5;5;5;6;4;7;6;19;5;4;5;5;5;5;4;19;5;5;6;5;6;6;5;7;6;5;6,e27051904ffe45b4db153b14f0a743df3002f4f9936a6c5ff985226a348b4629,deff2cdee1c1a853f048c04ffda308289d134dc56c4a9bc5f044fbc1f77f8a9f,data/cova3d_training_grid_candidates_v1_3/coronacases_003/C100_DIS.npz,59c19a222a5571e99dda94f5264c75bcdaf4fdc020156bc16d6e87794c3f4b71,COVA3D_1.0+A1+A1.1+A1.2+A1.3+N1+N2,True,False,35,4,0,0
coronacases_003,coronacases_003,final_outer_cv,3.0,C100_FRG,1.0,fragmented,39,35,4,261,261,261,39;16;38;26;20;43;12;34;35;14;2;6;42;29;30;27;37;5;40;4;3;1;15;41;22;25;21;13;9;32;36;33;10;28;44;31;8;23;18,20;19;3;7;5;5;5;7;5;5;5;4;5;5;5;6;4;7;6;19;5;4;5;5;5;5;4;19;5;5;6;5;6;6;5;7;6;5;6,e27051904ffe45b4db153b14f0a743df3002f4f9936a6c5ff985226a348b4629,45cc4124ccd9f75d127987f1195fb9e7479d68cd8ae9bed607ccbbdfd74ce703,data/cova3d_training_grid_candidates_v1_3/coronacases_003/C100_FRG.npz,d4b967993e37964da1b1e0f79b770ec7255e100b50cbf724ccf33cce71e4b93b,COVA3D_1.0+A1+A1.1+A1.2+A1.3+N1+N2,True,False,35,4,0,0
coronacases_004,coronacases_004,permanent_development,,C50_COH,0.5,coherent,4,2,2,80,80,80,4;2;9;5,33;8;33;6,9608b9f7f8247228e3a71db23461a9e4d61d74dddc49b3b022efa21ffd982993,fd8655814dc0714e43a3e4fbd90eb2ab1f115501f7b15604db3ce68cebc3e223,data/cova3d_training_grid_candidates_v1_3/coronacases_004/C50_COH.npz,df53a00f6b184513962b8ec8b5a09065f6d91bc9eb25a95d682016fd27419f5f,COVA3D_1.0+A1+A1.1+A1.2+A1.3+N1+N2,True,False,2,2,0,0
coronacases_004,coronacases_004,permanent_development,,C50_DIS,0.5,dispersed,4,2,2,80,80,80,4;2;9;5,33;8;33;6,9608b9f7f8247228e3a71db23461a9e4d61d74dddc49b3b022efa21ffd982993,bb41d5b15d6f964026d09329e9d45fd3e75d20ace9806d1e160e86c338fdbc3d,data/cova3d_training_grid_candidates_v1_3/coronacases_004/C50_DIS.npz,998c8c9c13d91ecb7bc40e1758c0d2c802b33b1ddf8bf139f7e58bbc46c011fc,COVA3D_1.0+A1+A1.1+A1.2+A1.3+N1+N2,True,False,2,2,0,0
coronacases_004,coronacases_004,permanent_development,,C50_FRG,0.5,fragmented,4,2,2,80,80,80,4;2;9;5,33;8;33;6,9608b9f7f8247228e3a71db23461a9e4d61d74dddc49b3b022efa21ffd982993,97653916ed034c762e88c6a7772d08c72cfc9fe8234a40f4b697d828ccc4249f,data/cova3d_training_grid_candidates_v1_3/coronacases_004/C50_FRG.npz,128d974a3e0e253d1d2991549092781944c276e44918fc92b814d3f78f4e609f,COVA3D_1.0+A1+A1.1+A1.2+A1.3+N1+N2,True,False,2,2,0,0
coronacases_004,coronacases_004,permanent_development,,C100_COH,1.0,coherent,8,6,2,80,80,80,4;2;9;5;1;12;6;3,27;4;26;4;6;3;4;6,9608b9f7f8247228e3a71db23461a9e4d61d74dddc49b3b022efa21ffd982993,285187669fb153301cec45a22d4feae97ac30eb3324560a88dc86f48c64133be,data/cova3d_training_grid_candidates_v1_3/coronacases_004/C100_COH.npz,42ddfe2a3d5611d6ab120334718fb0ecf624d66364088fc388ee4bb36728399e,COVA3D_1.0+A1+A1.1+A1.2+A1.3+N1+N2,True,False,6,2,0,0
coronacases_004,coronacases_004,permanent_development,,C100_DIS,1.0,dispersed,8,6,2,80,80,80,4;2;9;5;1;12;6;3,27;4;26;4;6;3;4;6,9608b9f7f8247228e3a71db23461a9e4d61d74dddc49b3b022efa21ffd982993,afba9164dd191c1c763202f298bfff946f11307c94d9b502e056b6e2ebcc5746,data/cova3d_training_grid_candidates_v1_3/coronacases_004/C100_DIS.npz,340c6a0d4f73b040f52d6ec24c05afff60335435c3f245bb6e3f123be16ec117,COVA3D_1.0+A1+A1.1+A1.2+A1.3+N1+N2,True,False,6,2,0,0
coronacases_004,coronacases_004,permanent_development,,C100_FRG,1.0,fragmented,8,6,2,80,80,80,4;2;9;5;1;12;6;3,27;4;26;4;6;3;4;6,9608b9f7f8247228e3a71db23461a9e4d61d74dddc49b3b022efa21ffd982993,0ac9ddbb32e7c0af36463a3cc91eac446a8c90bc4ae35f1b260cd18bbd735668,data/cova3d_training_grid_candidates_v1_3/coronacases_004/C100_FRG.npz,c558c7d5e61bd56c0f5717265a846d34b4f1628163f33cd95db8b3cb1602bef0,COVA3D_1.0+A1+A1.1+A1.2+A1.3+N1+N2,True,False,6,2,0,0
coronacases_005,coronacases_005,final_outer_cv,0.0,C50_COH,0.5,coherent,2,1,1,40,40,40,2;3,8;32,72dc5bca4082696e3cb415871826f90065e2b2a183a0d01787417b92672a5582,b129045a722f9ad76c96cce1ea0cb48496525237ef0e38fa58bfdffeba5eb32f,data/cova3d_training_grid_candidates_v1_3/coronacases_005/C50_COH.npz,8c8442cb0de353fc32863677962f022ca2b6599cea2e20295dbe97fcb825c358,COVA3D_1.0+A1+A1.1+A1.2+A1.3+N1+N2,True,False,1,1,0,0
coronacases_005,coronacases_005,final_outer_cv,0.0,C50_DIS,0.5,dispersed,2,1,1,40,40,40,2;3,8;32,72dc5bca4082696e3cb415871826f90065e2b2a183a0d01787417b92672a5582,d08819d736a2e099df240241012e5690ccb06527a005cf46cf17c447fd683844,data/cova3d_training_grid_candidates_v1_3/coronacases_005/C50_DIS.npz,19d6a0be456e7a0261aebb68eef408d7886c0b91b4204ccf2f3a9e63b24c936f,COVA3D_1.0+A1+A1.1+A1.2+A1.3+N1+N2,True,False,1,1,0,0
coronacases_005,coronacases_005,final_outer_cv,0.0,C50_FRG,0.5,fragmented,2,1,1,40,40,40,2;3,8;32,72dc5bca4082696e3cb415871826f90065e2b2a183a0d01787417b92672a5582,aac109d8c41c81bd35578e369cee9d782b90e6304c5b39b88ca69d5e5ab2b9cb,data/cova3d_training_grid_candidates_v1_3/coronacases_005/C50_FRG.npz,c1372a6d20ffe6a2cee2838eb8e746477c696e6da343ad241d0183eabb4eea62,COVA3D_1.0+A1+A1.1+A1.2+A1.3+N1+N2,True,False,1,1,0,0
coronacases_005,coronacases_005,final_outer_cv,0.0,C100_COH,1.0,coherent,3,2,1,40,40,40,2;3;1,8;26;6,72dc5bca4082696e3cb415871826f90065e2b2a183a0d01787417b92672a5582,9781d93a4a367f79ec4d8c72c19cae22c57b5b00c55a92dcd40d31ec85c690b7,data/cova3d_training_grid_candidates_v1_3/coronacases_005/C100_COH.npz,a36230b15a3120e432aedc0b3bd289497777a1a70dac5818c0a47ac35eda5e7b,COVA3D_1.0+A1+A1.1+A1.2+A1.3+N1+N2,True,False,2,1,0,0
coronacases_005,coronacases_005,final_outer_cv,0.0,C100_DIS,1.0,dispersed,3,2,1,40,40,40,2;3;1,8;26;6,72dc5bca4082696e3cb415871826f90065e2b2a183a0d01787417b92672a5582,8cc07484b86393ff58547afbf30aed835e804f61ca280545eab962479eeb2a71,data/cova3d_training_grid_candidates_v1_3/coronacases_005/C100_DIS.npz,7ff9d4c4b619d4873f486c5da68002aaa9d0e74bc707782dcc45e30adc5a213a,COVA3D_1.0+A1+A1.1+A1.2+A1.3+N1+N2,True,False,2,1,0,0
coronacases_005,coronacases_005,final_outer_cv,0.0,C100_FRG,1.0,fragmented,3,2,1,40,40,40,2;3;1,8;26;6,72dc5bca4082696e3cb415871826f90065e2b2a183a0d01787417b92672a5582,8c9a2b9f6cf83aeec5626434ce63f8cf0fb4c8c6222800d5bc0e999ad07b0a70,data/cova3d_training_grid_candidates_v1_3/coronacases_005/C100_FRG.npz,562092492e3ba7237531dcffd02934a980ea03bdc4d6a70b67654a61ce7d7173,COVA3D_1.0+A1+A1.1+A1.2+A1.3+N1+N2,True,False,2,1,0,0
coronacases_006,coronacases_006,final_outer_cv,2.0,C50_COH,0.5,coherent,1,1,0,10,10,10,1,10,4dcd4ff114800d50d3a7bc340c0e18561c102de45773d1e359f6c13b73b3b336,55c01cf0eb48ec558a9a9337b7cf7f8f4f37a8edf63a750aacb9820aea4d9d41,data/cova3d_training_grid_candidates_v1_3/coronacases_006/C50_COH.npz,7fcdeb748fb78c7f86e1c8e759f38b1c7052f5e8569a2cc80008c0d953775850,COVA3D_1.0+A1+A1.1+A1.2+A1.3+N1+N2,True,False,1,0,0,0
coronacases_006,coronacases_006,final_outer_cv,2.0,C50_DIS,0.5,dispersed,1,1,0,10,10,10,1,10,4dcd4ff114800d50d3a7bc340c0e18561c102de45773d1e359f6c13b73b3b336,72ecd1762a5af4a9b71eda5339b7f3b636f95e5c03cae8aba3a619873be958b4,data/cova3d_training_grid_candidates_v1_3/coronacases_006/C50_DIS.npz,3aa7b74628374cf850bffe22b16f1c9567400fe328bf1e503ef0e02b6ab248cb,COVA3D_1.0+A1+A1.1+A1.2+A1.3+N1+N2,True,False,1,0,0,0
coronacases_006,coronacases_006,final_outer_cv,2.0,C50_FRG,0.5,fragmented,1,1,0,10,10,10,1,10,4dcd4ff114800d50d3a7bc340c0e18561c102de45773d1e359f6c13b73b3b336,6dbfb8f5e9d01ea71ea2578f7e8bb09820dc5e9db9295a28892162535e8f1be9,data/cova3d_training_grid_candidates_v1_3/coronacases_006/C50_FRG.npz,c2e77cdb113858fdd269ba2586ddb39720113e3980f30ff4c2a2bbc1c5e09e84,COVA3D_1.0+A1+A1.1+A1.2+A1.3+N1+N2,True,False,1,0,0,0
coronacases_006,coronacases_006,final_outer_cv,2.0,C100_COH,1.0,coherent,2,2,0,10,10,10,1;2,5;5,4dcd4ff114800d50d3a7bc340c0e18561c102de45773d1e359f6c13b73b3b336,9dd9e0edaaef26ffb41adc5e86bf07f16e83a9a9f7ac820374f05c57f497b5c1,data/cova3d_training_grid_candidates_v1_3/coronacases_006/C100_COH.npz,5cd4bc7be81ceda40c80eb863fabdf8d4c25d6f625c1a30a7bd318c5cae0a5c7,COVA3D_1.0+A1+A1.1+A1.2+A1.3+N1+N2,True,False,2,0,0,0
coronacases_006,coronacases_006,final_outer_cv,2.0,C100_DIS,1.0,dispersed,2,2,0,10,10,10,1;2,5;5,4dcd4ff114800d50d3a7bc340c0e18561c102de45773d1e359f6c13b73b3b336,382e49ae8161360f289729066de3ac81cbc8aaaff507272667dc698fb6ce7a06,data/cova3d_training_grid_candidates_v1_3/coronacases_006/C100_DIS.npz,59f0d77c29550ca1d6e539c652e1d98b4488eaf28e18f1457d178fad7428d02b,COVA3D_1.0+A1+A1.1+A1.2+A1.3+N1+N2,True,False,2,0,0,0
coronacases_006,coronacases_006,final_outer_cv,2.0,C100_FRG,1.0,fragmented,2,2,0,10,10,10,1;2,5;5,4dcd4ff114800d50d3a7bc340c0e18561c102de45773d1e359f6c13b73b3b336,3e55bc48e661fd598e50f73fd5be221d684a10088e3e592d77fcbf1beaef524c,data/cova3d_training_grid_candidates_v1_3/coronacases_006/C100_FRG.npz,fbc82c5b03566c53fc0c10a03e4d3500665b57b35d2b50c5b01b8b912b22e87f,COVA3D_1.0+A1+A1.1+A1.2+A1.3+N1+N2,True,False,2,0,0,0
coronacases_007,coronacases_007,final_outer_cv,2.0,C50_COH,0.5,coherent,5,5,0,41,41,41,9;4;8;5;2,8;8;8;8;9,02114148899f2212233d4519fb42d40478a377c7547abe6d6bdeebff9b6ec05a,931f9ad575c49bd52733aad34c6155a827cab7436f3bd7fec4a0622b5f66e3f5,data/cova3d_training_grid_candidates_v1_3/coronacases_007/C50_COH.npz,d64954cc6a3d66b5cc483add5ee81a766ead6417a713781baef557e12d055268,COVA3D_1.0+A1+A1.1+A1.2+A1.3+N1+N2,True,False,5,0,0,0
coronacases_007,coronacases_007,final_outer_cv,2.0,C50_DIS,0.5,dispersed,5,5,0,41,41,41,9;4;8;5;2,8;8;8;8;9,02114148899f2212233d4519fb42d40478a377c7547abe6d6bdeebff9b6ec05a,416759b2af685e3465aba07bb620252e9efcab152d03e881866a4a51a46fd8ca,data/cova3d_training_grid_candidates_v1_3/coronacases_007/C50_DIS.npz,7b0779064263895d814f58a5c7ace44eace944c6f8c97e4acb1b0cafd6b7ff68,COVA3D_1.0+A1+A1.1+A1.2+A1.3+N1+N2,True,False,5,0,0,0
coronacases_007,coronacases_007,final_outer_cv,2.0,C50_FRG,0.5,fragmented,5,5,0,41,41,41,9;4;8;5;2,8;8;8;8;9,02114148899f2212233d4519fb42d40478a377c7547abe6d6bdeebff9b6ec05a,9023cf264f2d7cacbad78f7ec0e11138ec5565d1f2e013c86de41a9be369e8b4,data/cova3d_training_grid_candidates_v1_3/coronacases_007/C50_FRG.npz,a91139c79cec7b843626397bb52955ea9ebc4ce7270ef9bfcab462c0aa24af98,COVA3D_1.0+A1+A1.1+A1.2+A1.3+N1+N2,True,False,5,0,0,0
coronacases_007,coronacases_007,final_outer_cv,2.0,C100_COH,1.0,coherent,9,8,1,41,41,41,9;4;8;5;2;7;1;6;3,5;5;4;5;5;5;4;4;4,02114148899f2212233d4519fb42d40478a377c7547abe6d6bdeebff9b6ec05a,813f0a7e327f6605721ba4e7ab5cb5cfef60efd76a07adb39186f2d83d320fce,data/cova3d_training_grid_candidates_v1_3/coronacases_007/C100_COH.npz,15180a845496ce44a9c7c17d0901f11ffe5f26d90dced3a64925f7e44478c6af,COVA3D_1.0+A1+A1.1+A1.2+A1.3+N1+N2,True,False,8,1,0,0
coronacases_007,coronacases_007,final_outer_cv,2.0,C100_DIS,1.0,dispersed,9,8,1,41,41,41,9;4;8;5;2;7;1;6;3,5;5;4;5;5;5;4;4;4,02114148899f2212233d4519fb42d40478a377c7547abe6d6bdeebff9b6ec05a,c90025fac13efc274f884450fa4156038906641ecb6235991c200a0fd21feb5c,data/cova3d_training_grid_candidates_v1_3/coronacases_007/C100_DIS.npz,be6a919e9873b1bfd235d234fe0a0ab4e11a5d894428fb281cff8724ba0c72bb,COVA3D_1.0+A1+A1.1+A1.2+A1.3+N1+N2,True,False,8,1,0,0
coronacases_007,coronacases_007,final_outer_cv,2.0,C100_FRG,1.0,fragmented,9,8,1,41,41,41,9;4;8;5;2;7;1;6;3,5;5;4;5;5;5;4;4;4,02114148899f2212233d4519fb42d40478a377c7547abe6d6bdeebff9b6ec05a,030a0ba7a60dcfde59e96d46677993e29ec5e40b6cbeef45f47e15493cd8a676,data/cova3d_training_grid_candidates_v1_3/coronacases_007/C100_FRG.npz,1b3f26f6510c02cbe6d91e0ea088392f443ad3ceb4c9016327f1704af56fea65,COVA3D_1.0+A1+A1.1+A1.2+A1.3+N1+N2,True,False,8,1,0,0
coronacases_008,coronacases_008,permanent_development,,C50_COH,0.5,coherent,17,14,3,202,202,202,7;22;28;36;19;37;20;39;1;31;40;35;12;13;21;33;4,6;5;5;5;6;6;6;5;5;6;45;4;4;6;6;38;44,e7afa0acf55ec424be82d5ccae97ad2c0dac31ff5671665caade7d195760dd33,885289c298e6b9d39dc0573a5a4b43de8ec3403c9dec7ba1eb1cd8ec3363bc58,data/cova3d_training_grid_candidates_v1_3/coronacases_008/C50_COH.npz,ae5cfcad06c4f1f63ba3b7de50b1e6bfec9a46b5a3ebf8aeb33a053706b8e8e8,COVA3D_1.0+A1+A1.1+A1.2+A1.3+N1+N2,True,False,14,3,0,0
coronacases_008,coronacases_008,permanent_development,,C50_DIS,0.5,dispersed,17,14,3,202,202,202,7;22;28;36;19;37;20;39;1;31;40;35;12;13;21;33;4,6;5;5;5;6;6;6;5;5;6;45;4;4;6;6;38;44,e7afa0acf55ec424be82d5ccae97ad2c0dac31ff5671665caade7d195760dd33,d845c7f67f41ec33e3f426a4d04a314dba60ab76976391167b108e525540808f,data/cova3d_training_grid_candidates_v1_3/coronacases_008/C50_DIS.npz,283e755df915256efc0e10bfe10e5fd78f52cde0dce22d032441d6f7927db651,COVA3D_1.0+A1+A1.1+A1.2+A1.3+N1+N2,True,False,14,3,0,0
coronacases_008,coronacases_008,permanent_development,,C50_FRG,0.5,fragmented,17,14,3,202,202,202,7;22;28;36;19;37;20;39;1;31;40;35;12;13;21;33;4,6;5;5;5;6;6;6;5;5;6;45;4;4;6;6;38;44,e7afa0acf55ec424be82d5ccae97ad2c0dac31ff5671665caade7d195760dd33,4224e5dc7cbf8f6847c86fcdf51483b46ccb8b71592615c8eccd1efd985b18f9,data/cova3d_training_grid_candidates_v1_3/coronacases_008/C50_FRG.npz,799c6212e7f8a5bc0eabee52bac433cbfcbdad81575a034c04bbe3f70191891e,COVA3D_1.0+A1+A1.1+A1.2+A1.3+N1+N2,True,False,14,3,0,0
coronacases_008,coronacases_008,permanent_development,,C100_COH,1.0,coherent,33,30,3,202,202,202,7;22;28;36;19;37;20;39;1;31;40;35;12;13;21;33;4;23;26;18;25;38;5;24;17;27;8;16;34;3;2;11;6,4;3;4;4;3;4;4;2;3;2;34;3;3;3;3;33;33;4;3;4;2;3;4;4;4;4;3;4;4;4;3;4;3,e7afa0acf55ec424be82d5ccae97ad2c0dac31ff5671665caade7d195760dd33,a8563d09772cbd8e32ede4144c025c5c5c282c1736da8810afe8fbee7fc4d4d0,data/cova3d_training_grid_candidates_v1_3/coronacases_008/C100_COH.npz,90193fe8053dc07642541a28fa23d671eb9b477a6fe6857b27e956b8052e623d,COVA3D_1.0+A1+A1.1+A1.2+A1.3+N1+N2,True,False,30,3,0,0
coronacases_008,coronacases_008,permanent_development,,C100_DIS,1.0,dispersed,33,30,3,202,202,202,7;22;28;36;19;37;20;39;1;31;40;35;12;13;21;33;4;23;26;18;25;38;5;24;17;27;8;16;34;3;2;11;6,4;3;4;4;3;4;4;2;3;2;34;3;3;3;3;33;33;4;3;4;2;3;4;4;4;4;3;4;4;4;3;4;3,e7afa0acf55ec424be82d5ccae97ad2c0dac31ff5671665caade7d195760dd33,0acd848288a1f2563497ebaa5ed118a0acdcbc7832e8999b78acf671a5b4859f,data/cova3d_training_grid_candidates_v1_3/coronacases_008/C100_DIS.npz,e7a07a5fb6fbb62f3309f8873b863b60d946a8168797c696f28e3a6cac78a6cf,COVA3D_1.0+A1+A1.1+A1.2+A1.3+N1+N2,True,False,30,3,0,0
coronacases_008,coronacases_008,permanent_development,,C100_FRG,1.0,fragmented,33,30,3,202,202,202,7;22;28;36;19;37;20;39;1;31;40;35;12;13;21;33;4;23;26;18;25;38;5;24;17;27;8;16;34;3;2;11;6,4;3;4;4;3;4;4;2;3;2;34;3;3;3;3;33;33;4;3;4;2;3;4;4;4;4;3;4;4;4;3;4;3,e7afa0acf55ec424be82d5ccae97ad2c0dac31ff5671665caade7d195760dd33,ff80ea98350abec5de221dc9f9f5ab9256707354932e7f7185b6cb11fe06a96f,data/cova3d_training_grid_candidates_v1_3/coronacases_008/C100_FRG.npz,9daba1943b12999b6ca70b62727f9dc37397bd77cf1b7889168365c6b5cc84ef,COVA3D_1.0+A1+A1.1+A1.2+A1.3+N1+N2,True,False,30,3,0,0
coronacases_009,coronacases_009,final_outer_cv,3.0,C50_COH,0.5,coherent,5,4,1,48,48,48,4;2;9;6;5,6;3;3;32;4,31046af7e1b4fe947ff8ffcc597715552d1ca9cf85ffbecb571a5c2d1b2fcbee,69aad8fa17ffdf17ecfe00c95fb361a9f13d8d06c5e952ea7bb5dc4c88564080,data/cova3d_training_grid_candidates_v1_3/coronacases_009/C50_COH.npz,94de5a292a407602150d60d4c29460f8e33de0ee2de1f083079bafd66cf49d9f,COVA3D_1.0+A1+A1.1+A1.2+A1.3+N1+N2,True,False,4,1,0,0
coronacases_009,coronacases_009,final_outer_cv,3.0,C50_DIS,0.5,dispersed,5,4,1,48,48,48,4;2;9;6;5,6;3;3;32;4,31046af7e1b4fe947ff8ffcc597715552d1ca9cf85ffbecb571a5c2d1b2fcbee,1f9bb46d133f862a9e7fb87b86b3bf4eeeb85f1462d54e1d8d482dc7a6f87d23,data/cova3d_training_grid_candidates_v1_3/coronacases_009/C50_DIS.npz,a5755e0ab3f769dd9acc2abf773e7c5eee24af75e45d08f69171c9c88aa6309b,COVA3D_1.0+A1+A1.1+A1.2+A1.3+N1+N2,True,False,4,1,0,0
coronacases_009,coronacases_009,final_outer_cv,3.0,C50_FRG,0.5,fragmented,5,4,1,48,48,48,4;2;9;6;5,6;3;3;32;4,31046af7e1b4fe947ff8ffcc597715552d1ca9cf85ffbecb571a5c2d1b2fcbee,a3a09521ee649f7aa07044a2facf2acbf915be1de7ba9fa5e562023ba696deef,data/cova3d_training_grid_candidates_v1_3/coronacases_009/C50_FRG.npz,399a6f8ec72123b6097c9444701b9ff1967600111608c7d876ecdccdf33bc1f6,COVA3D_1.0+A1+A1.1+A1.2+A1.3+N1+N2,True,False,4,1,0,0
coronacases_009,coronacases_009,final_outer_cv,3.0,C100_COH,1.0,coherent,9,8,1,48,48,48,4;2;9;6;5;3;8;1;7,4;2;3;26;3;2;3;2;3,31046af7e1b4fe947ff8ffcc597715552d1ca9cf85ffbecb571a5c2d1b2fcbee,5959bae9b50ecc5475c6cca88f08700c34fd7ddd379692e2b350b315ecd03eeb,data/cova3d_training_grid_candidates_v1_3/coronacases_009/C100_COH.npz,76839d23231270c9ea791fd2188ee2bff6626118023370fd728d2ecbb01612c8,COVA3D_1.0+A1+A1.1+A1.2+A1.3+N1+N2,True,False,8,1,0,0
coronacases_009,coronacases_009,final_outer_cv,3.0,C100_DIS,1.0,dispersed,9,8,1,48,48,48,4;2;9;6;5;3;8;1;7,4;2;3;26;3;2;3;2;3,31046af7e1b4fe947ff8ffcc597715552d1ca9cf85ffbecb571a5c2d1b2fcbee,74bbf25fa601b2db029bd963089ea3c4d12635ce014020ab8c2d81bdb8391488,data/cova3d_training_grid_candidates_v1_3/coronacases_009/C100_DIS.npz,7b9b05146e009d806fd9eed7d208c323bc6159620e4caa33e27d75d350fc21be,COVA3D_1.0+A1+A1.1+A1.2+A1.3+N1+N2,True,False,8,1,0,0
coronacases_009,coronacases_009,final_outer_cv,3.0,C100_FRG,1.0,fragmented,9,8,1,48,48,48,4;2;9;6;5;3;8;1;7,4;2;3;26;3;2;3;2;3,31046af7e1b4fe947ff8ffcc597715552d1ca9cf85ffbecb571a5c2d1b2fcbee,c3eaaee7399d68448650715dbe8839f0f6aab2f7ea25627f8ecf9133e6a3a9a9,data/cova3d_training_grid_candidates_v1_3/coronacases_009/C100_FRG.npz,bb0760ce534db2c6ba30ffa0fb85128e9c9b1bd0131ac06c182cb601bbc4677c,COVA3D_1.0+A1+A1.1+A1.2+A1.3+N1+N2,True,False,8,1,0,0
coronacases_010,coronacases_010,final_outer_cv,1.0,C50_COH,0.5,coherent,3,3,0,20,20,20,2;4;1,5;9;6,1a3c915ec2f4db37e168a4899943e56fe15b5ba6aaf99c2d4262dee711540d1f,2be82af0e7fca50522130b8c01c4eb1dcb11536df61ad035bbf1b67a24b96d67,data/cova3d_training_grid_candidates_v1_3/coronacases_010/C50_COH.npz,ff3f7125ba0c571c9d5c47d2556ae3182dbc9101868fa0a5c23e7dbc050ffbf1,COVA3D_1.0+A1+A1.1+A1.2+A1.3+N1+N2,True,False,3,0,0,0
coronacases_010,coronacases_010,final_outer_cv,1.0,C50_DIS,0.5,dispersed,3,3,0,20,20,20,2;4;1,5;9;6,1a3c915ec2f4db37e168a4899943e56fe15b5ba6aaf99c2d4262dee711540d1f,71dff5eaf7924103fc98490fe249448c7553f06b9d09b115da3a550ddf20ae87,data/cova3d_training_grid_candidates_v1_3/coronacases_010/C50_DIS.npz,925cf9371c495c2d7ef7e340f604dbd2cc1c1ee012aeccd184cfb1e179be1021,COVA3D_1.0+A1+A1.1+A1.2+A1.3+N1+N2,True,False,3,0,0,0
coronacases_010,coronacases_010,final_outer_cv,1.0,C50_FRG,0.5,fragmented,3,3,0,20,20,20,2;4;1,5;9;6,1a3c915ec2f4db37e168a4899943e56fe15b5ba6aaf99c2d4262dee711540d1f,319e72c52ccd55f29c298580dea93f4b1a6007bb3b733e2ba9d655570ac1ae18,data/cova3d_training_grid_candidates_v1_3/coronacases_010/C50_FRG.npz,2eeb2727c52f134336995114b1b2a4b894e4e34ca6af96c556f0fd44340cb36e,COVA3D_1.0+A1+A1.1+A1.2+A1.3+N1+N2,True,False,3,0,0,0
coronacases_010,coronacases_010,final_outer_cv,1.0,C100_COH,1.0,coherent,6,6,0,20,20,20,2;4;1;6;3;5,3;4;3;4;3;3,1a3c915ec2f4db37e168a4899943e56fe15b5ba6aaf99c2d4262dee711540d1f,436555e100b5115f819bf4929ac6d14ae6983d70543de1420b1a7c4064ee4d1b,data/cova3d_training_grid_candidates_v1_3/coronacases_010/C100_COH.npz,a8efe646ef6e50bc872c299fb9b7d008db62be79d3d4b8ac0a74003d5c071c6f,COVA3D_1.0+A1+A1.1+A1.2+A1.3+N1+N2,True,False,6,0,0,0
coronacases_010,coronacases_010,final_outer_cv,1.0,C100_DIS,1.0,dispersed,6,6,0,20,20,20,2;4;1;6;3;5,3;4;3;4;3;3,1a3c915ec2f4db37e168a4899943e56fe15b5ba6aaf99c2d4262dee711540d1f,b663721fc22965eaa3b02f5b0c1a5936f12a61926e59c56236468a281bcbd994,data/cova3d_training_grid_candidates_v1_3/coronacases_010/C100_DIS.npz,0a2d87c17b7963e661229de005170d017dc44e29aaedb469fcbb0df25bfc7b2d,COVA3D_1.0+A1+A1.1+A1.2+A1.3+N1+N2,True,False,6,0,0,0
coronacases_010,coronacases_010,final_outer_cv,1.0,C100_FRG,1.0,fragmented,6,6,0,20,20,20,2;4;1;6;3;5,3;4;3;4;3;3,1a3c915ec2f4db37e168a4899943e56fe15b5ba6aaf99c2d4262dee711540d1f,6605e6a9015c9b6f442791fed42c930cb80c51e18db072963fb4947a431a58c5,data/cova3d_training_grid_candidates_v1_3/coronacases_010/C100_FRG.npz,bff5beb71aae2740559b80191f6f25d939b6baa53b7f212f2508546c1144aa95,COVA3D_1.0+A1+A1.1+A1.2+A1.3+N1+N2,True,False,6,0,0,0
radiopaedia_10_85902_1,radiopaedia_case_10,final_outer_cv,1.0,C50_COH,0.5,coherent,1,1,0,4,4,4,1,4,463f22d2fa7ee93f79676620a53809c2f9f62c6b6b56ab0fc9882493df84b205,dfc54558b2f533a5d557f95780243dffaa6a39b848f9582b0e3c198804712542,data/cova3d_training_grid_candidates_v1_3/radiopaedia_10_85902_1/C50_COH.npz,43c45dfd53c25438732780fee1ed187df6b62fbc9aae1b45b0723b7279904428,COVA3D_1.0+A1+A1.1+A1.2+A1.3+N1+N2,True,False,1,0,0,0
radiopaedia_10_85902_1,radiopaedia_case_10,final_outer_cv,1.0,C50_DIS,0.5,dispersed,1,1,0,4,4,4,1,4,463f22d2fa7ee93f79676620a53809c2f9f62c6b6b56ab0fc9882493df84b205,414380ebc0b7ad0de267bc7a79baecd33f84837c3f10fe88b286ed850a5c7618,data/cova3d_training_grid_candidates_v1_3/radiopaedia_10_85902_1/C50_DIS.npz,d959b1df09621244183299339c634db709f3fd6ff38f8b1b2339f6fc4397e6ff,COVA3D_1.0+A1+A1.1+A1.2+A1.3+N1+N2,True,False,1,0,0,0
radiopaedia_10_85902_1,radiopaedia_case_10,final_outer_cv,1.0,C50_FRG,0.5,fragmented,1,1,0,4,4,4,1,4,463f22d2fa7ee93f79676620a53809c2f9f62c6b6b56ab0fc9882493df84b205,6ac0aaf84f1d8feffd6cb1d666d4bf7e82ae6b7ebd9d714201f9532b63e20f45,data/cova3d_training_grid_candidates_v1_3/radiopaedia_10_85902_1/C50_FRG.npz,b0c540c65f4d3ca1f1fa065a3aacb7908a50118e30bf6f2a152855d7be457484,COVA3D_1.0+A1+A1.1+A1.2+A1.3+N1+N2,True,False,1,0,0,0
radiopaedia_10_85902_1,radiopaedia_case_10,final_outer_cv,1.0,C100_COH,1.0,coherent,2,2,0,4,4,4,1;2,2;2,463f22d2fa7ee93f79676620a53809c2f9f62c6b6b56ab0fc9882493df84b205,6544d07ec947181826221e122ddc6118fc0b1d39330003eb147de01fd57fd252,data/cova3d_training_grid_candidates_v1_3/radiopaedia_10_85902_1/C100_COH.npz,a19c22d76c8e08b8f225ea2bd91446422c27bd07f43ed279da5b479c5d3aaca6,COVA3D_1.0+A1+A1.1+A1.2+A1.3+N1+N2,True,False,2,0,0,0
radiopaedia_10_85902_1,radiopaedia_case_10,final_outer_cv,1.0,C100_DIS,1.0,dispersed,2,2,0,4,4,4,1;2,2;2,463f22d2fa7ee93f79676620a53809c2f9f62c6b6b56ab0fc9882493df84b205,6bb123b9604225fb5f8849891fdfe9a6ade5aea742c30e35504935703ea48e78,data/cova3d_training_grid_candidates_v1_3/radiopaedia_10_85902_1/C100_DIS.npz,436a3819cbd870a132ac251dcb518e559d8aafef64f23bc2af0465f6c43023b1,COVA3D_1.0+A1+A1.1+A1.2+A1.3+N1+N2,True,False,2,0,0,0
radiopaedia_10_85902_1,radiopaedia_case_10,final_outer_cv,1.0,C100_FRG,1.0,fragmented,2,2,0,4,4,4,1;2,2;2,463f22d2fa7ee93f79676620a53809c2f9f62c6b6b56ab0fc9882493df84b205,2ef3df189831d5806230ae475cc974b70edffed0b319bb0348cf8de4da044907,data/cova3d_training_grid_candidates_v1_3/radiopaedia_10_85902_1/C100_FRG.npz,1702fb799fb0b5144785a7ae1b016ada4492ee83cf50ddcb1d9f63bee74cdb74,COVA3D_1.0+A1+A1.1+A1.2+A1.3+N1+N2,True,False,2,0,0,0
radiopaedia_10_85902_3,radiopaedia_case_10,final_outer_cv,1.0,C50_COH,0.5,coherent,1,1,0,7,7,7,2,7,f7cd450c621ec6fb63f779a5d7b9fae16c50b573653a96a61c2842d76849da89,fcf72bdf1c406820c0c01dadbc40b00583cfda964d874ab77127a36edb9f81c6,data/cova3d_training_grid_candidates_v1_3/radiopaedia_10_85902_3/C50_COH.npz,5dccf3a4a9545d9026b7998c5ebd18996f541083708084de0acac6f5b54279e3,COVA3D_1.0+A1+A1.1+A1.2+A1.3+N1+N2,True,False,1,0,0,0
radiopaedia_10_85902_3,radiopaedia_case_10,final_outer_cv,1.0,C50_DIS,0.5,dispersed,1,1,0,7,7,7,2,7,f7cd450c621ec6fb63f779a5d7b9fae16c50b573653a96a61c2842d76849da89,945c8ad64f3a82679b33fc9bc010f1cfff4818420b16f27db3c38b8c2714ff4a,data/cova3d_training_grid_candidates_v1_3/radiopaedia_10_85902_3/C50_DIS.npz,31717905ef46477c2b8fa391ccd0943f11b6fcc5b559278a5ea577d201a405e9,COVA3D_1.0+A1+A1.1+A1.2+A1.3+N1+N2,True,False,1,0,0,0
radiopaedia_10_85902_3,radiopaedia_case_10,final_outer_cv,1.0,C50_FRG,0.5,fragmented,1,1,0,7,7,7,2,7,f7cd450c621ec6fb63f779a5d7b9fae16c50b573653a96a61c2842d76849da89,d025e504425567bd754ce47c6ba601db638c2989913268f66f142f534ceca102,data/cova3d_training_grid_candidates_v1_3/radiopaedia_10_85902_3/C50_FRG.npz,a2f1106876ee51ea7ae62b857c2c3f31a71c7e522b973b90a915f15299708ca6,COVA3D_1.0+A1+A1.1+A1.2+A1.3+N1+N2,True,False,1,0,0,0
radiopaedia_10_85902_3,radiopaedia_case_10,final_outer_cv,1.0,C100_COH,1.0,coherent,2,2,0,7,7,7,2;1,4;3,f7cd450c621ec6fb63f779a5d7b9fae16c50b573653a96a61c2842d76849da89,94b8d6e587ffb8156ba757955ce60e3361dfbf17c577dc6b8de95384008e2b4e,data/cova3d_training_grid_candidates_v1_3/radiopaedia_10_85902_3/C100_COH.npz,524fdf41f03d5a76c10ffb9e0b62b70fc679edcafacd97b106eaff9b611e4fe4,COVA3D_1.0+A1+A1.1+A1.2+A1.3+N1+N2,True,False,2,0,0,0
radiopaedia_10_85902_3,radiopaedia_case_10,final_outer_cv,1.0,C100_DIS,1.0,dispersed,2,2,0,7,7,7,2;1,4;3,f7cd450c621ec6fb63f779a5d7b9fae16c50b573653a96a61c2842d76849da89,906e4f61f4d9dd1f100d7723b120aa8a3ed67732af996ad5b4bae63ca8c07ee3,data/cova3d_training_grid_candidates_v1_3/radiopaedia_10_85902_3/C100_DIS.npz,d50fa42cc7d94fc51f1bcb0fc2c794fc143219ee09c775fec0458bfb40e4bc2a,COVA3D_1.0+A1+A1.1+A1.2+A1.3+N1+N2,True,False,2,0,0,0
radiopaedia_10_85902_3,radiopaedia_case_10,final_outer_cv,1.0,C100_FRG,1.0,fragmented,2,2,0,7,7,7,2;1,4;3,f7cd450c621ec6fb63f779a5d7b9fae16c50b573653a96a61c2842d76849da89,b2e60a76947d2b66e304512024efccbd385ff0e6d668194d1d2559665cbabc97,data/cova3d_training_grid_candidates_v1_3/radiopaedia_10_85902_3/C100_FRG.npz,47297cd0880df6b79b544a93f33551d8d9d13e050636c9aa21d1cdcc7e9ca67d,COVA3D_1.0+A1+A1.1+A1.2+A1.3+N1+N2,True,False,2,0,0,0
radiopaedia_14_85914_0,radiopaedia_case_14,permanent_development,,C50_COH,0.5,coherent,14,13,1,162,162,162,22;1;13;24;4;17;30;10;26;3;5;14;21;28,9;11;9;48;7;10;9;8;8;9;8;7;9;10,5d85e74e29df7395fb377d3f95f7ec031f45f41e03bdbf27c9438be136fd9e2f,3661c5b79e1d23ec3148b6a31318e0751e905ea1a5af71a6b1a9d358065c8091,data/cova3d_training_grid_candidates_v1_3/radiopaedia_14_85914_0/C50_COH.npz,e27ba1d95143b06bd8fd4fb74062a2e36577539bf947403c2487fce1a666224a,COVA3D_1.0+A1+A1.1+A1.2+A1.3+N1+N2,True,False,13,1,0,0
radiopaedia_14_85914_0,radiopaedia_case_14,permanent_development,,C50_DIS,0.5,dispersed,14,13,1,162,162,162,22;1;13;24;4;17;30;10;26;3;5;14;21;28,9;11;9;48;7;10;9;8;8;9;8;7;9;10,5d85e74e29df7395fb377d3f95f7ec031f45f41e03bdbf27c9438be136fd9e2f,8ee39b7ee66a9ab91535230cb05fc21b7a6bdf6acec1d44a708d5acd703c3cfd,data/cova3d_training_grid_candidates_v1_3/radiopaedia_14_85914_0/C50_DIS.npz,b8cb623309d0cccd8c4ec42cc424d2a860b27095ec58ad8a0a6736eca424a811,COVA3D_1.0+A1+A1.1+A1.2+A1.3+N1+N2,True,False,13,1,0,0
radiopaedia_14_85914_0,radiopaedia_case_14,permanent_development,,C50_FRG,0.5,fragmented,14,13,1,162,162,162,22;1;13;24;4;17;30;10;26;3;5;14;21;28,9;11;9;48;7;10;9;8;8;9;8;7;9;10,5d85e74e29df7395fb377d3f95f7ec031f45f41e03bdbf27c9438be136fd9e2f,531658d26bb52604fc1657995136bb275b12054f603845b0cf74ef5a1ad516ea,data/cova3d_training_grid_candidates_v1_3/radiopaedia_14_85914_0/C50_FRG.npz,aaab43568387ec563bcf5d93b32eba402555d9a42e91946eb135a344e687e546,COVA3D_1.0+A1+A1.1+A1.2+A1.3+N1+N2,True,False,13,1,0,0
radiopaedia_14_85914_0,radiopaedia_case_14,permanent_development,,C100_COH,1.0,coherent,28,27,1,162,162,162,22;1;13;24;4;17;30;10;26;3;5;14;21;28;29;23;7;27;9;19;12;11;16;15;20;2;25;6,5;6;5;38;5;5;4;4;4;5;6;4;4;4;4;5;6;3;5;5;3;4;5;6;5;4;3;5,5d85e74e29df7395fb377d3f95f7ec031f45f41e03bdbf27c9438be136fd9e2f,3983272089f2100e8fd739415f93f3a615155e9f41e4496c6f4807bcd3a0c1d9,data/cova3d_training_grid_candidates_v1_3/radiopaedia_14_85914_0/C100_COH.npz,ed9871c128e0111a7c3e287d8131c05e645c5ad40f993d69ae6fa48496848ac1,COVA3D_1.0+A1+A1.1+A1.2+A1.3+N1+N2,True,False,27,1,0,0
radiopaedia_14_85914_0,radiopaedia_case_14,permanent_development,,C100_DIS,1.0,dispersed,28,27,1,162,162,162,22;1;13;24;4;17;30;10;26;3;5;14;21;28;29;23;7;27;9;19;12;11;16;15;20;2;25;6,5;6;5;38;5;5;4;4;4;5;6;4;4;4;4;5;6;3;5;5;3;4;5;6;5;4;3;5,5d85e74e29df7395fb377d3f95f7ec031f45f41e03bdbf27c9438be136fd9e2f,0e537d8cccf503312d776b8f4378489434c1861248940382f60ec36dd88943cf,data/cova3d_training_grid_candidates_v1_3/radiopaedia_14_85914_0/C100_DIS.npz,fd591be4f1723032db9b241728fc529d28bc5d1a505407e26d18691c843dc2c1,COVA3D_1.0+A1+A1.1+A1.2+A1.3+N1+N2,True,False,27,1,0,0
radiopaedia_14_85914_0,radiopaedia_case_14,permanent_development,,C100_FRG,1.0,fragmented,28,27,1,162,162,162,22;1;13;24;4;17;30;10;26;3;5;14;21;28;29;23;7;27;9;19;12;11;16;15;20;2;25;6,5;6;5;38;5;5;4;4;4;5;6;4;4;4;4;5;6;3;5;5;3;4;5;6;5;4;3;5,5d85e74e29df7395fb377d3f95f7ec031f45f41e03bdbf27c9438be136fd9e2f,551df23815ade76f3b3ad8f9d410efddf71cf3ce0645a2c35224f9c5c033f84c,data/cova3d_training_grid_candidates_v1_3/radiopaedia_14_85914_0/C100_FRG.npz,a76659839e09505e6a0c8c7b7bf29b162211910b491d182af781d1d562da1773,COVA3D_1.0+A1+A1.1+A1.2+A1.3+N1+N2,True,False,27,1,0,0
radiopaedia_27_86410_0,radiopaedia_case_27,permanent_development,,C50_COH,0.5,coherent,7,7,0,53,53,53,2;7;3;8;13;14;4,6;9;8;9;6;10;5,bfaf34b5eac7c2c2277da2d4fdc2643c8f92cdf89a2543f9528632b8cf6c0474,8a3d3512aa4bb194a15b1828ac4302de5d7eef223177bbef88b363e4a820945a,data/cova3d_training_grid_candidates_v1_3/radiopaedia_27_86410_0/C50_COH.npz,e37045e8100336c2db5bfc9e8306320a1215350b03b56c767f6f0da658174ddb,COVA3D_1.0+A1+A1.1+A1.2+A1.3+N1+N2,True,False,7,0,0,0
radiopaedia_27_86410_0,radiopaedia_case_27,permanent_development,,C50_DIS,0.5,dispersed,7,7,0,53,53,53,2;7;3;8;13;14;4,6;9;8;9;6;10;5,bfaf34b5eac7c2c2277da2d4fdc2643c8f92cdf89a2543f9528632b8cf6c0474,5a83329cbe5692553b24151ca0a69ddf2c316e20eba5b277fefb2c9b3d5b005e,data/cova3d_training_grid_candidates_v1_3/radiopaedia_27_86410_0/C50_DIS.npz,05542bf6947dc64519eef5af994631b1c0ad6f702fbe350306833f9163ed9ec5,COVA3D_1.0+A1+A1.1+A1.2+A1.3+N1+N2,True,False,7,0,0,0
radiopaedia_27_86410_0,radiopaedia_case_27,permanent_development,,C50_FRG,0.5,fragmented,7,7,0,53,53,53,2;7;3;8;13;14;4,6;9;8;9;6;10;5,bfaf34b5eac7c2c2277da2d4fdc2643c8f92cdf89a2543f9528632b8cf6c0474,6f5daeba53600a809b30d9f3cc8cb9408c9792524cf9375752d437d6c5f676e0,data/cova3d_training_grid_candidates_v1_3/radiopaedia_27_86410_0/C50_FRG.npz,739c50cb4cd8c77968bb0261289cfc1888eb1b225b4aa57a3990f801d1164b5b,COVA3D_1.0+A1+A1.1+A1.2+A1.3+N1+N2,True,False,7,0,0,0
radiopaedia_27_86410_0,radiopaedia_case_27,permanent_development,,C100_COH,1.0,coherent,13,13,0,53,53,53,2;7;3;8;13;14;4;10;9;1;5;11;12,5;4;5;5;4;4;4;4;4;4;3;4;3,bfaf34b5eac7c2c2277da2d4fdc2643c8f92cdf89a2543f9528632b8cf6c0474,2fa043490f3000655a95a9aa653aaf6b31809ec987db011926c6939ddd777b33,data/cova3d_training_grid_candidates_v1_3/radiopaedia_27_86410_0/C100_COH.npz,e85601326e5e534f10edcdad40ea004ed6cf93224e6e7611c4596c547986b304,COVA3D_1.0+A1+A1.1+A1.2+A1.3+N1+N2,True,False,13,0,0,0
radiopaedia_27_86410_0,radiopaedia_case_27,permanent_development,,C100_DIS,1.0,dispersed,13,13,0,53,53,53,2;7;3;8;13;14;4;10;9;1;5;11;12,5;4;5;5;4;4;4;4;4;4;3;4;3,bfaf34b5eac7c2c2277da2d4fdc2643c8f92cdf89a2543f9528632b8cf6c0474,02406102e3fa9fda86c1e938fc7025ecfc2255048477ce58a1fb896dc41f62d4,data/cova3d_training_grid_candidates_v1_3/radiopaedia_27_86410_0/C100_DIS.npz,856012ef7393c393cb8c5db67fef085bd7575677b44db5f7d9a05a6dca909305,COVA3D_1.0+A1+A1.1+A1.2+A1.3+N1+N2,True,False,13,0,0,0
radiopaedia_27_86410_0,radiopaedia_case_27,permanent_development,,C100_FRG,1.0,fragmented,13,13,0,53,53,53,2;7;3;8;13;14;4;10;9;1;5;11;12,5;4;5;5;4;4;4;4;4;4;3;4;3,bfaf34b5eac7c2c2277da2d4fdc2643c8f92cdf89a2543f9528632b8cf6c0474,013bb7ab1a36d040495491a19c44cbac65a081d96c7a12dadd1f1b8032b76a61,data/cova3d_training_grid_candidates_v1_3/radiopaedia_27_86410_0/C100_FRG.npz,63784a7a52e103d7687d299b284109d93dfa72443922d097827658e3b33a8bc6,COVA3D_1.0+A1+A1.1+A1.2+A1.3+N1+N2,True,False,13,0,0,0
radiopaedia_29_86490_1,radiopaedia_case_29,final_outer_cv,0.0,C50_COH,0.5,coherent,1,0,1,20,20,20,2,20,98bb14472a25c353b587b36d807a705372a906076d804e63fa451a9be59ae275,7ad4d2634ebf8e3ed8350ceeb7116e2f90c4bd82a50eb60993358104a4bd90c8,data/cova3d_training_grid_candidates_v1_3/radiopaedia_29_86490_1/C50_COH.npz,d61dfbf284fb6c0cde78798cbb0713b380b69119ec205c4e018fa2aa38b63261,COVA3D_1.0+A1+A1.1+A1.2+A1.3+N1+N2,True,False,0,1,0,0
radiopaedia_29_86490_1,radiopaedia_case_29,final_outer_cv,0.0,C50_DIS,0.5,dispersed,1,0,1,20,20,20,2,20,98bb14472a25c353b587b36d807a705372a906076d804e63fa451a9be59ae275,7ad4d2634ebf8e3ed8350ceeb7116e2f90c4bd82a50eb60993358104a4bd90c8,data/cova3d_training_grid_candidates_v1_3/radiopaedia_29_86490_1/C50_DIS.npz,d61dfbf284fb6c0cde78798cbb0713b380b69119ec205c4e018fa2aa38b63261,COVA3D_1.0+A1+A1.1+A1.2+A1.3+N1+N2,True,False,0,1,0,0
radiopaedia_29_86490_1,radiopaedia_case_29,final_outer_cv,0.0,C50_FRG,0.5,fragmented,1,0,1,20,20,20,2,20,98bb14472a25c353b587b36d807a705372a906076d804e63fa451a9be59ae275,7ad4d2634ebf8e3ed8350ceeb7116e2f90c4bd82a50eb60993358104a4bd90c8,data/cova3d_training_grid_candidates_v1_3/radiopaedia_29_86490_1/C50_FRG.npz,d61dfbf284fb6c0cde78798cbb0713b380b69119ec205c4e018fa2aa38b63261,COVA3D_1.0+A1+A1.1+A1.2+A1.3+N1+N2,True,False,0,1,0,0
radiopaedia_29_86490_1,radiopaedia_case_29,final_outer_cv,0.0,C100_COH,1.0,coherent,2,0,2,20,20,20,2;1,10;10,98bb14472a25c353b587b36d807a705372a906076d804e63fa451a9be59ae275,68a92ddf23ea80e373fcaf3b934093debcd02fd97b029e9e1b5c0c78a96d4a3c,data/cova3d_training_grid_candidates_v1_3/radiopaedia_29_86490_1/C100_COH.npz,e028ea1c62264505f1af0791553c390e9e1b9a4346ea07115be9a9d06d249e7c,COVA3D_1.0+A1+A1.1+A1.2+A1.3+N1+N2,True,False,0,2,0,0
radiopaedia_29_86490_1,radiopaedia_case_29,final_outer_cv,0.0,C100_DIS,1.0,dispersed,2,0,2,20,20,20,2;1,10;10,98bb14472a25c353b587b36d807a705372a906076d804e63fa451a9be59ae275,68a92ddf23ea80e373fcaf3b934093debcd02fd97b029e9e1b5c0c78a96d4a3c,data/cova3d_training_grid_candidates_v1_3/radiopaedia_29_86490_1/C100_DIS.npz,e028ea1c62264505f1af0791553c390e9e1b9a4346ea07115be9a9d06d249e7c,COVA3D_1.0+A1+A1.1+A1.2+A1.3+N1+N2,True,False,0,2,0,0
radiopaedia_29_86490_1,radiopaedia_case_29,final_outer_cv,0.0,C100_FRG,1.0,fragmented,2,0,2,20,20,20,2;1,10;10,98bb14472a25c353b587b36d807a705372a906076d804e63fa451a9be59ae275,68a92ddf23ea80e373fcaf3b934093debcd02fd97b029e9e1b5c0c78a96d4a3c,data/cova3d_training_grid_candidates_v1_3/radiopaedia_29_86490_1/C100_FRG.npz,e028ea1c62264505f1af0791553c390e9e1b9a4346ea07115be9a9d06d249e7c,COVA3D_1.0+A1+A1.1+A1.2+A1.3+N1+N2,True,False,0,2,0,0
radiopaedia_29_86491_1,radiopaedia_case_29,final_outer_cv,0.0,C50_COH,0.5,coherent,2,2,0,12,12,12,3;1,7;5,e104d09f1a55c700c0749d414ea62a9cced0bebbbebc7bcc35ef4ce531c04156,e7106f19ee444c457e0f155a39f5625e534f1e7ea26a0d317ba320aa4512c4e2,data/cova3d_training_grid_candidates_v1_3/radiopaedia_29_86491_1/C50_COH.npz,3b5961736c95738f127688a9976298200cf0f9cc36322a3603b76d2d5f4ceb65,COVA3D_1.0+A1+A1.1+A1.2+A1.3+N1+N2,True,False,2,0,0,0
radiopaedia_29_86491_1,radiopaedia_case_29,final_outer_cv,0.0,C50_DIS,0.5,dispersed,2,2,0,12,12,12,3;1,7;5,e104d09f1a55c700c0749d414ea62a9cced0bebbbebc7bcc35ef4ce531c04156,fcc895d332f9e9b751786cedd0f88f7cbcf60e2ab35bd826a2929fdd91276ac7,data/cova3d_training_grid_candidates_v1_3/radiopaedia_29_86491_1/C50_DIS.npz,5d07ff589d211dcb1ca2d6a5a94560859ad63284cf0f61fd43f25593a5edf7b1,COVA3D_1.0+A1+A1.1+A1.2+A1.3+N1+N2,True,False,2,0,0,0
radiopaedia_29_86491_1,radiopaedia_case_29,final_outer_cv,0.0,C50_FRG,0.5,fragmented,2,2,0,12,12,12,3;1,7;5,e104d09f1a55c700c0749d414ea62a9cced0bebbbebc7bcc35ef4ce531c04156,fc347b1d97381ab024070f912530a72ea4a7dc15d87c41bd5cb8117f295df921,data/cova3d_training_grid_candidates_v1_3/radiopaedia_29_86491_1/C50_FRG.npz,c027aa720863d304027d1aeb3b4c776396920ae605990c39b7536c6205619c39,COVA3D_1.0+A1+A1.1+A1.2+A1.3+N1+N2,True,False,2,0,0,0
radiopaedia_29_86491_1,radiopaedia_case_29,final_outer_cv,0.0,C100_COH,1.0,coherent,3,3,0,12,12,12,3;1;2,4;4;4,e104d09f1a55c700c0749d414ea62a9cced0bebbbebc7bcc35ef4ce531c04156,6f4e50f0b4540246ced2b9397fb27dcf1f9d0972015d0e6bdd783811bdee342c,data/cova3d_training_grid_candidates_v1_3/radiopaedia_29_86491_1/C100_COH.npz,0ed617ddcb6bb2ea896ebbb1f51736eeee27ec4bd3819575b5619f0e9be3aea8,COVA3D_1.0+A1+A1.1+A1.2+A1.3+N1+N2,True,False,3,0,0,0
radiopaedia_29_86491_1,radiopaedia_case_29,final_outer_cv,0.0,C100_DIS,1.0,dispersed,3,3,0,12,12,12,3;1;2,4;4;4,e104d09f1a55c700c0749d414ea62a9cced0bebbbebc7bcc35ef4ce531c04156,21adb08794aae6f67e265422a915151d26b843bf2ea74614c8c9b5aa07498a48,data/cova3d_training_grid_candidates_v1_3/radiopaedia_29_86491_1/C100_DIS.npz,44f2196797f5d74e59de04a683ff15b8002769ac8f0410684710cac8905ef9cf,COVA3D_1.0+A1+A1.1+A1.2+A1.3+N1+N2,True,False,3,0,0,0
radiopaedia_29_86491_1,radiopaedia_case_29,final_outer_cv,0.0,C100_FRG,1.0,fragmented,3,3,0,12,12,12,3;1;2,4;4;4,e104d09f1a55c700c0749d414ea62a9cced0bebbbebc7bcc35ef4ce531c04156,d35a24eac2081cbbc3ff8f106893b72243974b60eb590228debafdeb810ebc18,data/cova3d_training_grid_candidates_v1_3/radiopaedia_29_86491_1/C100_FRG.npz,bdaf931044fec94fa94a56bd9ebb9c26e5df5f855cc67d0d376556cf68d3c1d0,COVA3D_1.0+A1+A1.1+A1.2+A1.3+N1+N2,True,False,3,0,0,0
radiopaedia_36_86526_0,radiopaedia_case_36,final_outer_cv,2.0,C50_COH,0.5,coherent,17,16,1,110,110,110,28;21;5;7;33;27;20;2;16;4;29;19;17;9;32;25;30,5;5;7;7;7;6;5;6;5;6;5;19;6;5;5;6;5,979dbf4c205f0a58e7879ab513eb97e051c2b29e0ad72577b4b3451c6731ed8f,75bf8783fca8381afcf79ba0b4eb2ef3c2501be58c3e685302d028beba8c74d4,data/cova3d_training_grid_candidates_v1_3/radiopaedia_36_86526_0/C50_COH.npz,2ec7a22530911470383c7511171080961863337a8466c6b73ba579ee7e3873f9,COVA3D_1.0+A1+A1.1+A1.2+A1.3+N1+N2,True,False,16,1,0,0
radiopaedia_36_86526_0,radiopaedia_case_36,final_outer_cv,2.0,C50_DIS,0.5,dispersed,17,16,1,110,110,110,28;21;5;7;33;27;20;2;16;4;29;19;17;9;32;25;30,5;5;7;7;7;6;5;6;5;6;5;19;6;5;5;6;5,979dbf4c205f0a58e7879ab513eb97e051c2b29e0ad72577b4b3451c6731ed8f,db740a2a1bcbb4126f7bc9e2325e5b5bbc02ec1cc8f08a1c9d925edfa9c48cb3,data/cova3d_training_grid_candidates_v1_3/radiopaedia_36_86526_0/C50_DIS.npz,7314283e7af4258f8208cb80a366df223a684e32fcdf30fb26fa98082c3f700f,COVA3D_1.0+A1+A1.1+A1.2+A1.3+N1+N2,True,False,16,1,0,0
radiopaedia_36_86526_0,radiopaedia_case_36,final_outer_cv,2.0,C50_FRG,0.5,fragmented,17,16,1,110,110,110,28;21;5;7;33;27;20;2;16;4;29;19;17;9;32;25;30,5;5;7;7;7;6;5;6;5;6;5;19;6;5;5;6;5,979dbf4c205f0a58e7879ab513eb97e051c2b29e0ad72577b4b3451c6731ed8f,0bb7041d42fbf2de5197031287a82eaa01de03c20f14df336026220ace4ed4de,data/cova3d_training_grid_candidates_v1_3/radiopaedia_36_86526_0/C50_FRG.npz,4487dbd950f12a3eab876d31be1600cf191f717d963f7e9857408c62e5cc0e8b,COVA3D_1.0+A1+A1.1+A1.2+A1.3+N1+N2,True,False,16,1,0,0
radiopaedia_36_86526_0,radiopaedia_case_36,final_outer_cv,2.0,C100_COH,1.0,coherent,33,32,1,110,110,110,28;21;5;7;33;27;20;2;16;4;29;19;17;9;32;25;30;12;3;31;26;13;15;14;22;10;24;6;11;1;18;8;23,3;2;3;4;4;4;3;3;3;4;4;3;4;4;3;4;4;4;4;3;3;4;4;3;3;3;3;2;3;3;3;3;3,979dbf4c205f0a58e7879ab513eb97e051c2b29e0ad72577b4b3451c6731ed8f,b01caf034abc663dbcde8041ada873ec3258c30619e59cc1d2167e192989d5f1,data/cova3d_training_grid_candidates_v1_3/radiopaedia_36_86526_0/C100_COH.npz,747e1ca5fee34c5f4e32a62b8d244d5402c1a6bc3b7ee4be3f93fc24e8e8e225,COVA3D_1.0+A1+A1.1+A1.2+A1.3+N1+N2,True,False,31,1,1,0
radiopaedia_36_86526_0,radiopaedia_case_36,final_outer_cv,2.0,C100_DIS,1.0,dispersed,33,32,1,110,110,110,28;21;5;7;33;27;20;2;16;4;29;19;17;9;32;25;30;12;3;31;26;13;15;14;22;10;24;6;11;1;18;8;23,3;2;3;4;4;4;3;3;3;4;4;3;4;4;3;4;4;4;4;3;3;4;4;3;3;3;3;2;3;3;3;3;3,979dbf4c205f0a58e7879ab513eb97e051c2b29e0ad72577b4b3451c6731ed8f,2c9d2c4a174d84aa24cd31a5696cbcfb7a39c7b13fe1c3aa2a68a61a504dc306,data/cova3d_training_grid_candidates_v1_3/radiopaedia_36_86526_0/C100_DIS.npz,220cb4b5796a9cb6fd56a1e71f303d8396336569f36896b2e5c757c09e70f997,COVA3D_1.0+A1+A1.1+A1.2+A1.3+N1+N2,True,False,31,1,1,1
radiopaedia_36_86526_0,radiopaedia_case_36,final_outer_cv,2.0,C100_FRG,1.0,fragmented,33,32,1,110,110,110,28;21;5;7;33;27;20;2;16;4;29;19;17;9;32;25;30;12;3;31;26;13;15;14;22;10;24;6;11;1;18;8;23,3;2;3;4;4;4;3;3;3;4;4;3;4;4;3;4;4;4;4;3;3;4;4;3;3;3;3;2;3;3;3;3;3,979dbf4c205f0a58e7879ab513eb97e051c2b29e0ad72577b4b3451c6731ed8f,8d698aff527cdb1eaea3ebebb615d6a8b890b31b31ef46ad037c29fb4b85d509,data/cova3d_training_grid_candidates_v1_3/radiopaedia_36_86526_0/C100_FRG.npz,34977452996dde4aa876bf4e05dc6e5260c57fd2bba18393425e134907601985,COVA3D_1.0+A1+A1.1+A1.2+A1.3+N1+N2,True,False,31,1,1,1
radiopaedia_40_86625_0,radiopaedia_case_40,final_outer_cv,3.0,C50_COH,0.5,coherent,6,5,1,49,49,49,1;8;4;7;3;6,6;6;7;6;6;18,1947cbd3106bd5afe5720e030cb3070a56e3662b0be183d13a5c7167e530569d,6b32011603fcc41f536269dc286074f953a8633ea721f3d8384d3864ed1ea899,data/cova3d_training_grid_candidates_v1_3/radiopaedia_40_86625_0/C50_COH.npz,02bda11df1d1050e5a9c4ec0a04215b5487baa07b17c432bcf8cbd294d1bd31c,COVA3D_1.0+A1+A1.1+A1.2+A1.3+N1+N2,True,False,5,1,0,0
radiopaedia_40_86625_0,radiopaedia_case_40,final_outer_cv,3.0,C50_DIS,0.5,dispersed,6,5,1,49,49,49,1;8;4;7;3;6,6;6;7;6;6;18,1947cbd3106bd5afe5720e030cb3070a56e3662b0be183d13a5c7167e530569d,46cf20e43594d166a4367578dbba85664c070d4afd4391451e30cf34905aa79b,data/cova3d_training_grid_candidates_v1_3/radiopaedia_40_86625_0/C50_DIS.npz,7b3101a93e1fa8a6f712df9ba9f95db3d68aff1dcdf043141799393df33d994a,COVA3D_1.0+A1+A1.1+A1.2+A1.3+N1+N2,True,False,5,1,0,0
radiopaedia_40_86625_0,radiopaedia_case_40,final_outer_cv,3.0,C50_FRG,0.5,fragmented,6,5,1,49,49,49,1;8;4;7;3;6,6;6;7;6;6;18,1947cbd3106bd5afe5720e030cb3070a56e3662b0be183d13a5c7167e530569d,1a9cbc80e6ddda01e928e23425cf8865877e4f43b406d93e01481af12d0792af,data/cova3d_training_grid_candidates_v1_3/radiopaedia_40_86625_0/C50_FRG.npz,1c9b1687176eaa056cb195a9480f62dcb4695090b7ae900dbc9d37e8d793cdf1,COVA3D_1.0+A1+A1.1+A1.2+A1.3+N1+N2,True,False,5,1,0,0
radiopaedia_40_86625_0,radiopaedia_case_40,final_outer_cv,3.0,C100_COH,1.0,coherent,12,10,2,49,49,49,1;8;4;7;3;6;10;9;2;12;11;5,4;4;3;4;4;8;3;8;2;4;3;2,1947cbd3106bd5afe5720e030cb3070a56e3662b0be183d13a5c7167e530569d,dc8cc47dc440d9376f2a37ad4c9160533c70deec3457282a33c721cb18a35f5d,data/cova3d_training_grid_candidates_v1_3/radiopaedia_40_86625_0/C100_COH.npz,8e9a470f34d00b33d8685148ba492f7be9027304ce2ff4a8ab27e004c94dc45c,COVA3D_1.0+A1+A1.1+A1.2+A1.3+N1+N2,True,False,9,2,1,1
radiopaedia_40_86625_0,radiopaedia_case_40,final_outer_cv,3.0,C100_DIS,1.0,dispersed,12,10,2,49,49,49,1;8;4;7;3;6;10;9;2;12;11;5,4;4;3;4;4;8;3;8;2;4;3;2,1947cbd3106bd5afe5720e030cb3070a56e3662b0be183d13a5c7167e530569d,bcac2e16a4d16a389a2d12e1c050b0ff6c54538a73ee278ab25a1e11d3ae19c4,data/cova3d_training_grid_candidates_v1_3/radiopaedia_40_86625_0/C100_DIS.npz,39275e6d296a4721372a7d72bc47b521b121ba4f4cea2320afde4747383266fd,COVA3D_1.0+A1+A1.1+A1.2+A1.3+N1+N2,True,False,9,2,1,1
radiopaedia_40_86625_0,radiopaedia_case_40,final_outer_cv,3.0,C100_FRG,1.0,fragmented,12,10,2,49,49,49,1;8;4;7;3;6;10;9;2;12;11;5,4;4;3;4;4;8;3;8;2;4;3;2,1947cbd3106bd5afe5720e030cb3070a56e3662b0be183d13a5c7167e530569d,ec5e716d665abdab7f710210a6d746d858e2a6630ac0e5d12de88ffb5b7b9687,data/cova3d_training_grid_candidates_v1_3/radiopaedia_40_86625_0/C100_FRG.npz,e8b17717a013be00df28d1b112f9efeb25de5fcb37d916f1d6343d3569c0e0d3,COVA3D_1.0+A1+A1.1+A1.2+A1.3+N1+N2,True,False,9,2,1,1
radiopaedia_4_85506_1,radiopaedia_case_4,final_outer_cv,1.0,C50_COH,0.5,coherent,15,12,3,180,180,180,7;22;12;20;21;4;13;10;17;9;18;27;26;11;30,8;8;6;7;7;6;5;5;23;7;7;35;41;9;6,a7c2f5f531b3ed9f81c81069d9b2b81dada7ee75473329adcd1523cda36533c7,1135bedd91dab72b1a5430af025f39ef1ff20883b36ccac56de1cf32c68eb6f4,data/cova3d_training_grid_candidates_v1_3/radiopaedia_4_85506_1/C50_COH.npz,16c077f7b7ba5e910c033215f9095b05fa516a112a00af2f2d6cce567e8f6a8a,COVA3D_1.0+A1+A1.1+A1.2+A1.3+N1+N2,True,False,12,3,0,0
radiopaedia_4_85506_1,radiopaedia_case_4,final_outer_cv,1.0,C50_DIS,0.5,dispersed,15,12,3,180,180,180,7;22;12;20;21;4;13;10;17;9;18;27;26;11;30,8;8;6;7;7;6;5;5;23;7;7;35;41;9;6,a7c2f5f531b3ed9f81c81069d9b2b81dada7ee75473329adcd1523cda36533c7,db4f17dc80bc5d688e89955db408c6433db08eb2d571bdea72c64adae978878e,data/cova3d_training_grid_candidates_v1_3/radiopaedia_4_85506_1/C50_DIS.npz,3227c7ac134951aa9ae38ef3e046e928124872cf06099114c658fc014b572d3d,COVA3D_1.0+A1+A1.1+A1.2+A1.3+N1+N2,True,False,12,3,0,0
radiopaedia_4_85506_1,radiopaedia_case_4,final_outer_cv,1.0,C50_FRG,0.5,fragmented,15,12,3,180,180,180,7;22;12;20;21;4;13;10;17;9;18;27;26;11;30,8;8;6;7;7;6;5;5;23;7;7;35;41;9;6,a7c2f5f531b3ed9f81c81069d9b2b81dada7ee75473329adcd1523cda36533c7,8811194c84e0b6f1f93ada40c32524f607c0ef0d4c7b5df0d00e209bfcc278a2,data/cova3d_training_grid_candidates_v1_3/radiopaedia_4_85506_1/C50_FRG.npz,f1fcca06171b88cb7354784c44f3f035e1b2bbfabe9c442447360ba56917c6a7,COVA3D_1.0+A1+A1.1+A1.2+A1.3+N1+N2,True,False,12,3,0,0
radiopaedia_4_85506_1,radiopaedia_case_4,final_outer_cv,1.0,C100_COH,1.0,coherent,30,26,4,180,180,180,7;22;12;20;21;4;13;10;17;9;18;27;26;11;30;23;3;5;8;16;19;25;1;2;24;15;6;14;29;28,5;6;4;4;5;4;5;4;17;4;5;16;16;4;3;4;6;5;3;4;4;5;4;6;16;5;5;5;3;3,a7c2f5f531b3ed9f81c81069d9b2b81dada7ee75473329adcd1523cda36533c7,2f76c3e2c2d3b721a69b08f021e6ba33e9dcda813e17f344266aae1c01f47095,data/cova3d_training_grid_candidates_v1_3/radiopaedia_4_85506_1/C100_COH.npz,3246ee9d836cabd29a2abedc10dca3f1f6114195a3b226ce0b54953f53b008c9,COVA3D_1.0+A1+A1.1+A1.2+A1.3+N1+N2,True,False,26,4,0,0
radiopaedia_4_85506_1,radiopaedia_case_4,final_outer_cv,1.0,C100_DIS,1.0,dispersed,30,26,4,180,180,180,7;22;12;20;21;4;13;10;17;9;18;27;26;11;30;23;3;5;8;16;19;25;1;2;24;15;6;14;29;28,5;6;4;4;5;4;5;4;17;4;5;16;16;4;3;4;6;5;3;4;4;5;4;6;16;5;5;5;3;3,a7c2f5f531b3ed9f81c81069d9b2b81dada7ee75473329adcd1523cda36533c7,08d6791cfa7b4364b0195dbf279b743dbb00e41bc70b88d24fa1226dcead429a,data/cova3d_training_grid_candidates_v1_3/radiopaedia_4_85506_1/C100_DIS.npz,e57f4f5fc0143e3ee4136a133b69253c56ec88d12c84c4c821c9cf8691f0275c,COVA3D_1.0+A1+A1.1+A1.2+A1.3+N1+N2,True,False,26,4,0,0
radiopaedia_4_85506_1,radiopaedia_case_4,final_outer_cv,1.0,C100_FRG,1.0,fragmented,30,26,4,180,180,180,7;22;12;20;21;4;13;10;17;9;18;27;26;11;30;23;3;5;8;16;19;25;1;2;24;15;6;14;29;28,5;6;4;4;5;4;5;4;17;4;5;16;16;4;3;4;6;5;3;4;4;5;4;6;16;5;5;5;3;3,a7c2f5f531b3ed9f81c81069d9b2b81dada7ee75473329adcd1523cda36533c7,4c89776c8c57cb36cebaae3f56df3d7bd9c479bfad9329c646a6cf9fc69af330,data/cova3d_training_grid_candidates_v1_3/radiopaedia_4_85506_1/C100_FRG.npz,ec5cb2734f23446e3fce6370e09316f22b070297bc2d02e6b777fa03675fb084,COVA3D_1.0+A1+A1.1+A1.2+A1.3+N1+N2,True,False,26,4,0,0
radiopaedia_7_85703_0,radiopaedia_case_7,final_outer_cv,2.0,C50_COH,0.5,coherent,2,2,0,16,16,16,4;2,9;7,e56283b7b8b2ce6eeacfd94332570e350231dc8c16d60f17b8643ee14ed29236,c86cc83dbe727de839111101a01ecad664d1362b45df58b1b59432cb0b574858,data/cova3d_training_grid_candidates_v1_3/radiopaedia_7_85703_0/C50_COH.npz,25940d2e58ba54dabe6b73f6a2e6edbfb5913f645e1bbb980f053633afa320e8,COVA3D_1.0+A1+A1.1+A1.2+A1.3+N1+N2,True,False,2,0,0,0
radiopaedia_7_85703_0,radiopaedia_case_7,final_outer_cv,2.0,C50_DIS,0.5,dispersed,2,2,0,16,16,16,4;2,9;7,e56283b7b8b2ce6eeacfd94332570e350231dc8c16d60f17b8643ee14ed29236,67a312b05e1758d22b6be54e232b589d2a3534e0b9dd8ac25bdcba0b7fae71fb,data/cova3d_training_grid_candidates_v1_3/radiopaedia_7_85703_0/C50_DIS.npz,c559cc0c6faecf7f0676039efc62c79d48736b7d4eeb3ac000f30e97ab806ad9,COVA3D_1.0+A1+A1.1+A1.2+A1.3+N1+N2,True,False,2,0,0,0
radiopaedia_7_85703_0,radiopaedia_case_7,final_outer_cv,2.0,C50_FRG,0.5,fragmented,2,2,0,16,16,16,4;2,9;7,e56283b7b8b2ce6eeacfd94332570e350231dc8c16d60f17b8643ee14ed29236,652ee3fa3504326b28033762895c86bfd4f0b5515708406005bfaec76c81db16,data/cova3d_training_grid_candidates_v1_3/radiopaedia_7_85703_0/C50_FRG.npz,945fc5e81a66d056780a60a7b0b7665f19b53e9ab4c5c35db90f1e0df4c76afe,COVA3D_1.0+A1+A1.1+A1.2+A1.3+N1+N2,True,False,2,0,0,0
radiopaedia_7_85703_0,radiopaedia_case_7,final_outer_cv,2.0,C100_COH,1.0,coherent,4,4,0,16,16,16,4;2;3;1,4;4;4;4,e56283b7b8b2ce6eeacfd94332570e350231dc8c16d60f17b8643ee14ed29236,b24ba11d5bd13a097c80c117152e5ab276d4b5886abfc4d91c0810d73e8f9ba6,data/cova3d_training_grid_candidates_v1_3/radiopaedia_7_85703_0/C100_COH.npz,2170059d6a6f18d5e9ea105795e8e7c2538882b191fe221211cf8b1137cba848,COVA3D_1.0+A1+A1.1+A1.2+A1.3+N1+N2,True,False,4,0,0,0
radiopaedia_7_85703_0,radiopaedia_case_7,final_outer_cv,2.0,C100_DIS,1.0,dispersed,4,4,0,16,16,16,4;2;3;1,4;4;4;4,e56283b7b8b2ce6eeacfd94332570e350231dc8c16d60f17b8643ee14ed29236,b9220fa440c7ebe5c793d08bc46e9441f443525ecb3b1c6a128aca1bb06b190c,data/cova3d_training_grid_candidates_v1_3/radiopaedia_7_85703_0/C100_DIS.npz,8a434e96b02b05d2dd4e143541e564970f332c90d657deec0c5550e9c09e4e96,COVA3D_1.0+A1+A1.1+A1.2+A1.3+N1+N2,True,False,4,0,0,0
radiopaedia_7_85703_0,radiopaedia_case_7,final_outer_cv,2.0,C100_FRG,1.0,fragmented,4,4,0,16,16,16,4;2;3;1,4;4;4;4,e56283b7b8b2ce6eeacfd94332570e350231dc8c16d60f17b8643ee14ed29236,175b1660cc870fe332bbcc754185f93cce1430861b0f844373962049db570b20,data/cova3d_training_grid_candidates_v1_3/radiopaedia_7_85703_0/C100_FRG.npz,f694ca9f8889473ebf2b7fc4db505ca2bc61d8b5b4cf1c622645b761d75c180f,COVA3D_1.0+A1+A1.1+A1.2+A1.3+N1+N2,True,False,4,0,0,0
