case_id,source_origin,condition,threshold,dice,iou,predicted_components,eligible_reference_components,component_to_reference_ratio,fp_components,fp_volume_ml,iou_0p10_recall,iou_0p25_recall,any_overlap_recall,predicted_foreground_volume_ml,median_component_volume_ml,p90_component_volume_ml,largest_component_volume_ml,largest_component_volume_fraction,fraction_components_lt_0p1ml,fraction_components_lt_0p5ml
coronacases_004,Coronacases,complete,0.10000000149011612,0.009408217346652531,0.004726341899247622,149,8,18.625,149,13304.79230070127,0.0,0.0,0.125,13367.976501192892,0.007944112597034347,0.1166382649541045,13360.929606018584,0.9994728525163342,0.8791946308724832,0.9731543624161074
coronacases_004,Coronacases,complete,0.20000000298023224,0.009956675567785974,0.0050032456306581905,176,8,22.0,176,12514.945167335201,0.0,0.0,0.125,12577.879361930389,0.005607608892024245,0.0981331556104243,12568.802045036426,0.9992783110226484,0.8977272727272727,0.9772727272727273
coronacases_004,Coronacases,complete,0.30000001192092896,0.01042576608738702,0.005240199591288508,192,8,24.0,192,11892.294033392987,0.0,0.0,0.125,11954.94597834061,0.005607608892024245,0.10350711413194755,11913.741268202017,0.9965533336400478,0.890625,0.984375
coronacases_004,Coronacases,complete,0.4000000059604645,0.011021759133803636,0.005541417652213067,202,8,25.25,202,11172.653696054322,0.0,0.0,0.125,11234.91918328914,0.006775860744529297,0.1438351680804221,11193.917281672137,0.996350494298349,0.8762376237623762,0.9702970297029703
coronacases_004,Coronacases,complete,0.5,0.012421481998302657,0.006249555368907469,274,8,34.25,274,9841.807821822806,0.0,0.0,0.125,9903.713020186306,0.0037384059280161637,0.0997687082039315,9866.721960829327,0.9962649302053097,0.8978102189781022,0.9781021897810219
coronacases_004,Coronacases,complete,0.6000000238418579,0.03176396811568636,0.016138292156595038,634,8,79.25,634,3742.3088238050127,0.0,0.0,0.125,3803.7317678038003,0.004205706669018184,0.10874088243117018,3738.98257713056,0.9829774561862376,0.889589905362776,0.9716088328075709
coronacases_004,Coronacases,complete,0.699999988079071,0.04073801894217998,0.020792532767968695,493,8,61.625,493,2846.6003151738287,0.0,0.0,0.125,2907.113424629885,0.006074909633026266,0.16906940809453103,2839.521176248389,0.9767493597570583,0.8722109533468559,0.947261663286004
coronacases_004,Coronacases,complete,0.800000011920929,0.05101351568165628,0.02617438145010955,520,8,65.0,520,2206.8978444931918,0.0,0.0,0.125,2266.3300873353105,0.008411413338036368,0.1661721435003192,1727.6332699200377,0.7623043437380925,0.8576923076923076,0.95
coronacases_004,Coronacases,complete,0.8999999761581421,0.06893238090398894,0.03569651327707426,574,8,71.75,573,1552.386613330201,0.125,0.0,0.375,1610.0762917091233,0.006542210374028286,0.19196714440363008,985.6989488296479,0.6122063618384889,0.8466898954703833,0.9355400696864111
coronacases_004,Coronacases,pixel_dropout_matched_50,0.10000000149011612,0.008405639137191957,0.00422055781155678,76,8,9.5,76,14406.729037749983,0.0,0.0,0.125,14467.802440794498,0.015187274082565665,0.14019022230060613,14462.771481016873,0.9996522651039635,0.7894736842105263,0.9605263157894737
coronacases_004,Coronacases,pixel_dropout_matched_50,0.20000000298023224,0.008799648233684397,0.004419268119292253,115,8,14.375,115,13494.466867669544,0.0,0.0,0.125,13554.384168680823,0.013084420748056573,0.16617214350031848,13547.65270150669,0.9995033734406255,0.8434782608695652,0.9652173913043478
coronacases_004,Coronacases,pixel_dropout_matched_50,0.30000001192092896,0.009242044226099103,0.004642475093114114,155,8,19.375,155,12598.402743174458,0.0,0.0,0.125,12657.186372588061,0.007476811856032327,0.15243350171485903,12639.99391102586,0.9986416837789925,0.8580645161290322,0.967741935483871
coronacases_004,Coronacases,pixel_dropout_matched_50,0.4000000059604645,0.009710041218126108,0.0048787068312744685,200,8,25.0,200,11738.263765046124,0.0,0.0,0.125,11795.842225848686,0.007009511115030307,0.15406905430836607,11753.480011774633,0.996408716455937,0.855,0.96
coronacases_004,Coronacases,pixel_dropout_matched_50,0.5,0.017092192927913325,0.008619761779621636,2336,8,292.0,2336,6474.705043584617,0.0,0.0,0.125,6531.064784054646,0.0009346014820040409,0.009579665190541419,6442.37390721691,0.9864201505006853,0.9773116438356164,0.9948630136986302
coronacases_004,Coronacases,pixel_dropout_matched_50,0.6000000238418579,0.03386050838252364,0.017221824050066635,699,8,87.375,699,3128.5036928899667,0.0,0.0,0.125,3183.4797558658906,0.004205706669018184,0.1299096059985618,3083.3844044439984,0.96855788033913,0.8683834048640916,0.9613733905579399
coronacases_004,Coronacases,pixel_dropout_matched_50,0.699999988079071,0.04644686164307111,0.02377558139121625,720,8,90.0,720,2171.516168888224,0.0,0.0,0.125,2224.66041295942,0.006074909633026266,0.163274878906106,2056.785892859631,0.9245392604094264,0.8694444444444445,0.9555555555555556
coronacases_004,Coronacases,pixel_dropout_matched_50,0.800000011920929,0.06140889487559781,0.03167707450698176,665,8,83.125,665,1546.6458237269912,0.0,0.0,0.25,1597.6577745169946,0.008411413338036368,0.2311269464995994,566.1404553328398,0.3543565238832177,0.8390977443609022,0.9323308270676691
coronacases_004,Coronacases,pixel_dropout_matched_50,0.8999999761581421,0.08637622265074694,0.04513751536385855,636,8,79.5,634,994.7337413561809,0.25,0.125,0.375,1042.5101018154865,0.008411413338036368,0.24252908458004863,379.69680568785367,0.3642140301821805,0.8191823899371069,0.9433962264150944
coronacases_004,Coronacases,component_natural_50,0.10000000149011612,0.021893309791604205,0.011067810396666582,218,8,27.25,218,5501.459192201932,0.0,0.0,0.25,5563.0536355726645,0.0018692029640080818,0.03579523676075477,5466.207893503703,0.9825912622072012,0.9311926605504587,0.963302752293578
coronacases_004,Coronacases,component_natural_50,0.20000000298023224,0.031011183487006412,0.015749801739314128,229,8,28.625,229,3723.3836110951715,0.0,0.0,0.125,3783.0298776766704,0.0028038044460121227,0.20589270648549032,3699.116683614937,0.9778185219850105,0.868995633187773,0.9606986899563319
coronacases_004,Coronacases,component_natural_50,0.30000001192092896,0.03812229246831727,0.01943153353645088,281,8,35.125,281,2913.1486136999265,0.0,0.0,0.125,2970.9939032256025,0.005140308151022225,0.27337093348618197,2861.232435976084,0.9630556403598303,0.8291814946619217,0.9252669039145908
coronacases_004,Coronacases,component_natural_50,0.4000000059604645,0.045238724957834583,0.023142838737102954,312,8,39.0,312,2359.0920882286578,0.0,0.0,0.125,2415.163036840749,0.007476811856032327,0.3706162176887037,1550.318340250526,0.6419104286551529,0.8012820512820513,0.9102564102564102
coronacases_004,Coronacases,component_natural_50,0.5,0.05228403384341616,0.026843767136431048,339,8,42.375,339,1955.0615310546061,0.0,0.0,0.125,2009.2534633871285,0.013084420748056573,0.3652422591671792,1260.8330080116305,0.6275131689389565,0.7876106194690266,0.9085545722713865
coronacases_004,Coronacases,component_natural_50,0.6000000238418579,0.06035391855395468,0.031115943847322712,362,8,45.25,362,1612.3155968600051,0.0,0.0,0.25,1664.4672941573126,0.006542210374028286,0.34056878004227253,1032.445845756526,0.6202860515076887,0.8314917127071824,0.9281767955801105
coronacases_004,Coronacases,component_natural_50,0.699999988079071,0.07122465902803733,0.036927400260180265,342,8,42.75,342,1281.8835044915484,0.0,0.0,0.25,1331.5734614852572,0.007009511115030307,0.2613613044424301,831.0924986691293,0.624143183014564,0.8304093567251462,0.9181286549707602
coronacases_004,Coronacases,component_natural_50,0.800000011920929,0.08473705169790642,0.04424303815464449,326,8,40.75,326,988.0905940220962,0.0,0.0,0.25,1034.6262710140413,0.007476811856032327,0.44884236173244063,636.6935212093249,0.6153850323028228,0.803680981595092,0.9079754601226994
coronacases_004,Coronacases,component_natural_50,0.8999999761581421,0.10789273284385967,0.05702252441851446,315,8,39.375,314,671.2335881797482,0.125,0.0,0.625,713.1429878357734,0.012149819266052532,0.9229189634789915,320.336527159849,0.4491897594506222,0.7365079365079366,0.8698412698412699
coronacases_004,Coronacases,component_fixed_50,0.10000000149011612,0.009177829260083573,0.004610069847008237,167,8,20.875,167,12952.275108012316,0.0,0.0,0.125,13012.279794262162,0.007476811856032327,0.21832290619614397,12998.91732957321,0.9989730881213572,0.8203592814371258,0.9580838323353293
coronacases_004,Coronacases,component_fixed_50,0.20000000298023224,0.009549827062853919,0.004797822720054334,202,8,25.25,202,12144.881299122364,0.0,0.0,0.125,12203.456045104744,0.008645063708537378,0.22561279775577547,12180.39241703259,0.9981100740653378,0.7821782178217822,0.9554455445544554
coronacases_004,Coronacases,component_fixed_50,0.30000001192092896,0.009836607803977729,0.0049426131756567186,209,8,26.125,209,11512.111702235232,0.0,0.0,0.125,11569.326603061298,0.009813315561042429,0.2360803343542208,11518.031935322988,0.9955663220947762,0.8038277511961722,0.9473684210526315
coronacases_004,Coronacases,component_fixed_50,0.4000000059604645,0.010122968638485328,0.005087233270670492,200,8,25.0,200,10874.759286981094,0.0,0.0,0.125,10930.405926520356,0.009813315561042429,0.28584786327093586,10881.662253527176,0.9955405432038975,0.8,0.935
coronacases_004,Coronacases,component_fixed_50,0.5,0.013045370881333741,0.0065655101984488425,1027,8,128.375,1027,8198.48869000028,0.0,0.0,0.125,8252.734361918016,0.0009346014820040409,0.023365037050101022,8196.07741817671,0.9931347670654774,0.9600778967867576,0.98539435248296
coronacases_004,Coronacases,component_fixed_50,0.6000000238418579,0.03446174975184491,0.017532983521177478,574,8,71.75,574,2943.11847942335,0.0,0.0,0.125,2995.8374798202344,0.0028038044460121227,0.0901423129392899,2928.3228033617443,0.9774638387718745,0.9059233449477352,0.9634146341463414
coronacases_004,Coronacases,component_fixed_50,0.699999988079071,0.04599113098904153,0.023536807697459635,506,8,63.25,506,2085.252919399992,0.0,0.0,0.25,2135.83308430531,0.005140308151022225,0.23785607717002843,1705.1743290067395,0.7983649759603549,0.841897233201581,0.932806324110672
coronacases_004,Coronacases,component_fixed_50,0.800000011920929,0.057490133868232096,0.029595800191592088,341,8,42.625,341,1569.940298365201,0.0,0.0,0.375,1618.2900368337164,0.011682518525050511,0.5565551825334064,1220.8881406707778,0.75443098139535,0.7419354838709677,0.8885630498533724
coronacases_004,Coronacases,component_fixed_50,0.8999999761581421,0.07406781359254787,0.038458162813463675,274,8,34.25,274,1112.951015514131,0.0,0.0,0.5,1158.2039519720256,0.014019022230060614,0.3868782834755732,745.8601146155479,0.6439799426910977,0.7664233576642335,0.9051094890510949
coronacases_008,Coronacases,complete,0.10000000149011612,0.03397498664491745,0.017281055131103385,264,33,8.0,263,15944.766647275579,0.030303030303030304,0.0,0.06060606060606061,16225.321010273283,0.011288751903225624,0.14565115246301344,16197.45144458624,0.9982823411833025,0.8409090909090909,0.9696969696969697
coronacases_008,Coronacases,complete,0.20000000298023224,0.03573333022831435,0.018191689946288083,307,33,9.303030303030303,306,14944.916115566377,0.030303030303030304,0.0,0.06060606060606061,15222.065475955127,0.011026222789197121,0.15636234031537635,15194.132378222494,0.9981649600852948,0.8371335504885994,0.9543973941368078
coronacases_008,Coronacases,complete,0.30000001192092896,0.03717659492133508,0.018940366629592503,385,33,11.666666666666666,384,14165.982258137476,0.030303030303030304,0.0,0.06060606060606061,14439.784372322363,0.0073508151927980814,0.13651513929482176,14309.218667809655,0.990957918681738,0.8753246753246753,0.9662337662337662
coronacases_008,Coronacases,complete,0.4000000059604645,0.03894359682400823,0.019858478706139132,385,33,11.666666666666666,384,13306.823703927288,0.030303030303030304,0.0,0.09090909090909091,13576.836472880294,0.010501164561140116,0.15646735196098802,13472.012273056302,0.9922791881574637,0.8493506493506493,0.9636363636363636
coronacases_008,Coronacases,complete,0.5,0.04400771424046238,0.022498920144449142,484,33,14.666666666666666,483,11547.243844538598,0.030303030303030304,0.030303030303030304,0.06060606060606061,11813.569654614183,0.0073508151927980814,0.12774666688626946,11718.347194606675,0.9919395692587875,0.8760330578512396,0.9752066115702479
coronacases_008,Coronacases,complete,0.6000000238418579,0.10628232162877331,0.05612363597945919,811,33,24.575757575757574,809,4381.631390406607,0.06060606060606061,0.06060606060606061,0.09090909090909091,4643.821841878014,0.006825756964741076,0.1359900810667645,4318.326695024459,0.9299079168114852,0.8618988902589396,0.9728729963008631
coronacases_008,Coronacases,complete,0.699999988079071,0.13559197020513708,0.07272655343586779,629,33,19.060606060606062,627,3240.3537996791106,0.06060606060606061,0.06060606060606061,0.09090909090909091,3497.106223082531,0.008400931648912093,0.20025720818094206,3177.67654887949,0.9086588585457724,0.8553259141494436,0.9570747217806042
coronacases_008,Coronacases,complete,0.800000011920929,0.1688955318785824,0.09223697217661052,597,33,18.09090909090909,594,2422.5252038904305,0.09090909090909091,0.06060606060606061,0.12121212121212122,2672.7228003747864,0.008925989876969099,0.14869649018574393,1285.322590070884,0.48090381460084364,0.8693467336683417,0.948073701842546
coronacases_008,Coronacases,complete,0.8999999761581421,0.2234382069274341,0.1257700170062745,571,33,17.303030303030305,566,1620.1711241990467,0.15151515151515152,0.09090909090909091,0.15151515151515152,1860.4167670288107,0.00630069873668407,0.24047666845010865,669.9532966716171,0.36010925538021776,0.8581436077057794,0.9299474605954466
coronacases_008,Coronacases,pixel_dropout_matched_50,0.10000000149011612,0.03135909918104375,0.015929314060272922,143,33,4.333333333333333,143,16980.94648284227,0.0,0.0,0.06060606060606061,17256.06124259731,0.010501164561140116,0.15426210740314827,17247.133677545648,0.9994826417844633,0.8391608391608392,0.9790209790209791
coronacases_008,Coronacases,pixel_dropout_matched_50,0.20000000298023224,0.03310745001880186,0.01683236332311002,194,33,5.878787878787879,194,15736.349509172402,0.0,0.0,0.06060606060606061,16006.111300292394,0.00997610633308311,0.10889707649902303,15991.520982251142,0.9990884532934002,0.8814432989690721,0.979381443298969
coronacases_008,Coronacases,pixel_dropout_matched_50,0.30000001192092896,0.0345108296060369,0.017558392142715058,246,33,7.454545454545454,246,14795.176859739711,0.0,0.0,0.06060606060606061,15060.048783581808,0.010763693675168618,0.12155097979519684,15047.24628880709,0.9991499034990726,0.8861788617886179,0.9715447154471545
coronacases_008,Coronacases,pixel_dropout_matched_50,0.4000000059604645,0.036132188202631865,0.018398482823323542,251,33,7.606060606060606,251,13824.331069606606,0.0,0.0,0.09090909090909091,14084.013842980814,0.007875873420855087,0.11971327599699733,14069.31641306104,0.9989564459334085,0.8804780876494024,0.9880478087649402
coronacases_008,Coronacases,pixel_dropout_matched_50,0.5,0.06797429891605,0.035182916499461404,2342,33,70.96969696969697,2341,6937.670500760286,0.030303030303030304,0.030303030303030304,0.09090909090909091,7191.961976248802,0.0010501164561140116,0.013651513929482152,7152.093779934206,0.9944565618608303,0.9756618274978651,0.9944491887275833
coronacases_008,Coronacases,pixel_dropout_matched_50,0.6000000238418579,0.12907457489281923,0.0689896952388815,738,33,22.363636363636363,736,3309.647834268706,0.06060606060606061,0.030303030303030304,0.12121212121212122,3557.9882998004246,0.005250582280570058,0.18424293222520344,3493.08795246321,0.9817592577972066,0.8495934959349594,0.9579945799457995
coronacases_008,Coronacases,pixel_dropout_matched_50,0.699999988079071,0.17392395761434984,0.09524464128401215,669,33,20.272727272727273,667,2234.6777469296158,0.06060606060606061,0.030303030303030304,0.12121212121212122,2475.142339040479,0.007875873420855087,0.20613786033518056,1689.1149449505278,0.6824314377028253,0.8221225710014948,0.9506726457399103
coronacases_008,Coronacases,pixel_dropout_matched_50,0.800000011920929,0.2299372684686046,0.12990345730270872,675,33,20.454545454545453,669,1481.4376138906844,0.18181818181818182,0.06060606060606061,0.2727272727272727,1711.5569837341404,0.012076339245311133,0.39977933484260464,528.4070494355534,0.3087288676084371,0.7896296296296297,0.9096296296296297
coronacases_008,Coronacases,pixel_dropout_matched_50,0.8999999761581421,0.31218499260250593,0.18496398671313855,744,33,22.545454545454547,736,864.820782141554,0.24242424242424243,0.21212121212121213,0.2727272727272727,1078.4260205961614,0.013388984815453649,0.48520630854747987,382.9506935751491,0.3551014963116815,0.7862903225806451,0.9005376344086021
coronacases_008,Coronacases,component_natural_50,0.10000000149011612,0.0714897041687085,0.03706991055388305,243,33,7.363636363636363,243,7017.492477880653,0.0,0.0,0.030303030303030304,7288.381569016278,0.002100232912228023,0.05964661470727599,7237.910346844299,0.9930751125343742,0.9176954732510288,0.9711934156378601
coronacases_008,Coronacases,component_natural_50,0.20000000298023224,0.09618877799234446,0.05052432556359712,229,33,6.9393939393939394,229,4775.841957682439,0.0,0.0,0.030303030303030304,5031.79156705516,0.005250582280570058,0.2851066178349542,3081.123066263859,0.6123312194481609,0.8165938864628821,0.9301310043668122
coronacases_008,Coronacases,component_natural_50,0.30000001192092896,0.1133508434357845,0.06008050995671511,239,33,7.242424242424242,237,3771.921174589339,0.06060606060606061,0.0,0.12121212121212122,4015.9650886408667,0.00630069873668407,0.2635792304846171,2253.8849019701693,0.5612311990323993,0.8535564853556485,0.9246861924686193
coronacases_008,Coronacases,component_natural_50,0.4000000059604645,0.12916326923079724,0.06904037487958192,236,33,7.151515151515151,234,3083.750457637056,0.06060606060606061,0.030303030303030304,0.18181818181818182,3316.6773138259327,0.007613344306826584,0.4998554331102695,1799.597697298283,0.542590528718746,0.8008474576271186,0.8983050847457628
coronacases_008,Coronacases,component_natural_50,0.5,0.1453565029592514,0.07837436315452584,265,33,8.030303030303031,261,2541.6057847226193,0.12121212121212122,0.09090909090909091,0.21212121212121213,2763.5331960919298,0.008925989876969099,0.43947373688371383,1396.3718802467126,0.5052850033505666,0.7886792452830189,0.909433962264151
coronacases_008,Coronacases,component_natural_50,0.6000000238418579,0.16351755412157767,0.0890384520083797,281,33,8.515151515151516,277,2072.6936081664335,0.12121212121212122,0.09090909090909091,0.30303030303030304,2283.066588169121,0.00630069873668407,0.5282085774253479,1164.2368118657457,0.5099443081944413,0.8113879003558719,0.896797153024911
coronacases_008,Coronacases,component_natural_50,0.699999988079071,0.1861413621842941,0.10262175800449931,276,33,8.363636363636363,268,1634.0825419514172,0.24242424242424243,0.15151515151515152,0.3333333333333333,1831.5380394274466,0.0073508151927980814,0.8353676408386963,536.3585312412487,0.29284596863132506,0.7862318840579711,0.8659420289855072
coronacases_008,Coronacases,component_natural_50,0.800000011920929,0.21652000794844012,0.12140310455592741,287,33,8.696969696969697,277,1208.5564518378094,0.30303030303030304,0.21212121212121213,0.42424242424242425,1390.4891278595621,0.011026222789197121,1.0845602758745514,410.62126219375335,0.2953070642313038,0.7700348432055749,0.867595818815331
coronacases_008,Coronacases,component_natural_50,0.8999999761581421,0.2652822588904719,0.15292531609251714,295,33,8.93939393939394,284,754.9234697180824,0.3333333333333333,0.18181818181818182,0.45454545454545453,914.7228411943199,0.010501164561140116,2.2765474652095747,195.94227966276955,0.2142094532229401,0.7389830508474576,0.8338983050847457
coronacases_008,Coronacases,component_fixed_50,0.10000000149011612,0.03449578529724437,0.01755060357500235,226,33,6.848484848484849,226,15270.338804384459,0.0,0.0,0.030303030303030304,15543.432615019703,0.00997610633308311,0.18718325830232257,14935.309125167618,0.9608758563880895,0.8053097345132744,0.9557522123893806
coronacases_008,Coronacases,component_fixed_50,0.20000000298023224,0.036148208434416546,0.018406790466402347,209,33,6.333333333333333,209,14254.710797980371,0.0,0.0,0.06060606060606061,14522.432737884363,0.011026222789197121,0.23974158693082906,13942.753752479039,0.9600838925634596,0.8516746411483254,0.9425837320574163
coronacases_008,Coronacases,component_fixed_50,0.30000001192092896,0.03737032113485856,0.019040943657016,227,33,6.878787878787879,226,13526.427207579218,0.030303030303030304,0.030303030303030304,0.12121212121212122,13789.505532514271,0.013126455701425146,0.37562665635198217,13316.6974239059,0.965712468261205,0.7973568281938326,0.9162995594713657
coronacases_008,Coronacases,component_fixed_50,0.4000000059604645,0.03881306026267588,0.019790596947313138,268,33,8.121212121212121,267,12757.555040974574,0.030303030303030304,0.030303030303030304,0.12121212121212122,13015.774477067187,0.006825756964741076,0.3770443135677363,12608.382322975982,0.9687001219321217,0.8395522388059702,0.9216417910447762
coronacases_008,Coronacases,component_fixed_50,0.5,0.050577662581891655,0.02594494872202947,1039,33,31.484848484848484,1038,9478.76697900169,0.030303030303030304,0.030303030303030304,0.12121212121212122,9732.217836267093,0.0015751746841710175,0.028983214188746744,9395.13570443677,0.9653643046732692,0.9422521655437921,0.9769008662175168
coronacases_008,Coronacases,component_fixed_50,0.6000000238418579,0.132557579169299,0.07098348933850016,561,33,17.0,560,3207.496705883759,0.030303030303030304,0.030303030303030304,0.15151515151515152,3455.763138205322,0.0057756405086270635,0.20949823299474532,3134.0814892621447,0.9069144394224207,0.8538324420677362,0.9500891265597148
coronacases_008,Coronacases,component_fixed_50,0.699999988079071,0.1767003563060095,0.09691240653566738,461,33,13.969696969696969,460,2202.423419980074,0.030303030303030304,0.030303030303030304,0.15151515151515152,2443.972782390103,0.008400931648912093,0.31030941278169044,2068.067845177251,0.8461910296540894,0.8091106290672451,0.913232104121475
coronacases_008,Coronacases,component_fixed_50,0.800000011920929,0.23106138436605198,0.13062148246633462,401,33,12.151515151515152,397,1497.747497628819,0.12121212121212122,0.0,0.12121212121212122,1731.2692447900845,0.007875873420855087,0.5276835191972908,556.4288820087278,0.32139939162160447,0.7780548628428927,0.8877805486284289
coronacases_008,Coronacases,component_fixed_50,0.8999999761581421,0.3096109917984646,0.18315961018219745,361,33,10.93939393939394,357,918.1714236361983,0.12121212121212122,0.0,0.15151515151515152,1139.4645646660163,0.009451048105026104,1.0485412814298405,423.0772185379497,0.37129475690361297,0.7590027700831025,0.8614958448753463
radiopaedia_14_85914_0,Radiopaedia,complete,0.10000000149011612,0.0873084603868295,0.04564691095171942,175,28,6.25,175,18369.728580605795,0.0,0.0,0.03571428571428571,19256.42145604082,0.01121521778404849,0.16729366527872333,19241.105206953747,0.9992046160226583,0.8057142857142857,0.96
radiopaedia_14_85914_0,Radiopaedia,complete,0.20000000298023224,0.08876803874426137,0.046445455362696016,225,28,8.035714285714286,225,17325.545074836784,0.0,0.0,0.10714285714285714,18179.252125565967,0.0205612326040889,0.27122135007757237,18088.112592845377,0.9949866181462758,0.7866666666666666,0.9333333333333333
radiopaedia_14_85914_0,Radiopaedia,complete,0.30000001192092896,0.09007873110436168,0.04716358342689556,222,28,7.928571428571429,222,16457.23113754536,0.0,0.0,0.10714285714285714,17283.185197266423,0.018224728899078797,0.33963417856026856,17196.92708808635,0.9950091312338819,0.8333333333333334,0.9324324324324325
radiopaedia_14_85914_0,Radiopaedia,complete,0.4000000059604645,0.09214111471690585,0.048295560760634376,269,28,9.607142857142858,269,15443.067031378316,0.0,0.0,0.10714285714285714,16239.865263266784,0.016822826676072735,0.22000518886375134,16105.023765247692,0.9916968832048076,0.8252788104089219,0.9330855018587361
radiopaedia_14_85914_0,Radiopaedia,complete,0.5,0.10687072812091634,0.05645189143097371,408,28,14.571428571428571,408,12610.260966778125,0.0,0.0,0.10714285714285714,13381.708133467237,0.005607608892024245,0.13776025844739573,13280.618833369235,0.9924457102867772,0.8799019607843137,0.9681372549019608
radiopaedia_14_85914_0,Radiopaedia,complete,0.6000000238418579,0.28062130479929337,0.16321087703516987,604,28,21.571428571428573,603,3503.766749147193,0.03571428571428571,0.03571428571428571,0.14285714285714285,4247.857195856565,0.012149819266052532,0.26318377733233866,4086.814145289486,0.9620884028954261,0.8096026490066225,0.9370860927152318
radiopaedia_14_85914_0,Radiopaedia,complete,0.699999988079071,0.33076423470185917,0.19815309591259664,567,28,20.25,565,2494.844822692709,0.07142857142857142,0.0,0.21428571428571427,3198.3184235956687,0.014019022230060614,0.2891656985320503,2858.956214066663,0.8938935513658199,0.7883597883597884,0.9312169312169312
radiopaedia_14_85914_0,Radiopaedia,complete,0.800000011920929,0.3758974360330201,0.2314493212268967,570,28,20.357142857142858,566,1815.2502896549527,0.14285714285714285,0.07142857142857142,0.25,2479.638856580504,0.014953623712064655,0.28533383245583377,2220.6645243231114,0.8955596571774463,0.7859649122807018,0.9298245614035088
radiopaedia_14_85914_0,Radiopaedia,complete,0.8999999761581421,0.42866014583847306,0.272799130438404,527,28,18.821428571428573,519,1188.8672919950964,0.2857142857142857,0.25,0.35714285714285715,1801.0761235788789,0.016822826676072735,0.4473002692871343,534.1780192497836,0.2965882520214249,0.7590132827324478,0.9184060721062619
radiopaedia_14_85914_0,Radiopaedia,pixel_dropout_matched_50,0.10000000149011612,0.08052687021871928,0.04195259051523952,137,28,4.892857142857143,137,19376.158859509258,0.0,0.0,0.10714285714285714,20233.311785902588,0.019626631122084858,0.12841424362735523,20226.422838378738,0.9996595244714882,0.8467153284671532,0.9854014598540146
radiopaedia_14_85914_0,Radiopaedia,pixel_dropout_matched_50,0.20000000298023224,0.08082058630299414,0.042112053581955446,218,28,7.785714285714286,218,18246.945310907515,0.0,0.0,0.10714285714285714,19059.802800061254,0.016355525935070715,0.19607939092444784,19027.015110869597,0.9982797466723239,0.8302752293577982,0.9587155963302753
radiopaedia_14_85914_0,Radiopaedia,pixel_dropout_matched_50,0.30000001192092896,0.08107967989758286,0.0422527600798221,246,28,8.785714285714286,246,17296.21354192557,0.0,0.0,0.14285714285714285,18071.615942086522,0.014953623712064655,0.274305534968186,17991.318721158663,0.9955567215911856,0.8333333333333334,0.943089430894309
radiopaedia_14_85914_0,Radiopaedia,pixel_dropout_matched_50,0.4000000059604645,0.08079581766105784,0.04209860441351875,243,28,8.678571428571429,243,16446.473874487492,0.0,0.0,0.10714285714285714,17183.27442963724,0.014953623712064655,0.25626772636550804,17099.371516191804,0.9951171754959158,0.7901234567901234,0.9259259259259259
radiopaedia_14_85914_0,Radiopaedia,pixel_dropout_matched_50,0.5,0.15888924211597152,0.08630075156292143,4080,28,145.71428571428572,4080,7063.666597905031,0.0,0.0,0.10714285714285714,7764.3401327679085,0.0018692029640080818,0.01121521778404849,7651.177650725375,0.985425357453758,0.9745098039215686,0.9931372549019608
radiopaedia_14_85914_0,Radiopaedia,pixel_dropout_matched_50,0.6000000238418579,0.27342261276147917,0.1583610527870922,607,28,21.678571428571427,607,3119.9128360673853,0.0,0.0,0.10714285714285714,3781.1050659244825,0.009346014820040409,0.22879044279458907,3678.4101204803965,0.9728399651282958,0.8187808896210873,0.9489291598023064
radiopaedia_14_85914_0,Radiopaedia,pixel_dropout_matched_50,0.699999988079071,0.331924374329052,0.19898640638402856,590,28,21.071428571428573,589,2007.4314577979615,0.03571428571428571,0.0,0.10714285714285714,2616.874803596495,0.012149819266052532,0.256921947402911,2442.5258317301227,0.9333751191968541,0.8101694915254237,0.9288135593220339
radiopaedia_14_85914_0,Radiopaedia,pixel_dropout_matched_50,0.800000011920929,0.37673494551927406,0.23208467679345787,587,28,20.964285714285715,583,1323.0059696997262,0.14285714285714285,0.10714285714285714,0.21428571428571427,1874.9759973624207,0.019626631122084858,0.509170887395801,570.5199978775107,0.30428122742908525,0.7529812606473595,0.8977853492333902
radiopaedia_14_85914_0,Radiopaedia,pixel_dropout_matched_50,0.8999999761581421,0.4104921579232017,0.25825110581830557,591,28,21.107142857142858,585,765.8171273615211,0.21428571428571427,0.17857142857142858,0.32142857142857145,1236.1244813311487,0.024299638532105063,0.6981473070570186,386.1941551907458,0.3124233530063767,0.7258883248730964,0.8781725888324873
radiopaedia_14_85914_0,Radiopaedia,component_natural_50,0.10000000149011612,0.19505161536508983,0.10806492696717376,183,28,6.535714285714286,183,6972.766323163836,0.0,0.0,0.14285714285714285,7840.319494848908,0.0037384059280161637,0.07495503885672417,7825.81728365265,0.9981503035423765,0.912568306010929,0.9672131147540983
radiopaedia_14_85914_0,Radiopaedia,component_natural_50,0.20000000298023224,0.2566059872524716,0.14718760382116344,162,28,5.785714285714286,162,4435.9326596891315,0.0,0.0,0.14285714285714285,5244.175086724745,0.011682518525050511,0.2763616582285949,5217.939888523409,0.9949972688235088,0.8395061728395061,0.9197530864197531
radiopaedia_14_85914_0,Radiopaedia,component_natural_50,0.30000001192092896,0.2900964861771728,0.16965664075898926,208,28,7.428571428571429,207,3418.628292542553,0.03571428571428571,0.03571428571428571,0.17857142857142858,4177.661147746207,0.006542210374028286,0.30552122446712104,4124.212223591878,0.9872060173709484,0.8365384615384616,0.9278846153846154
radiopaedia_14_85914_0,Radiopaedia,component_natural_50,0.4000000059604645,0.3155165316578169,0.18730758573032397,190,28,6.785714285714286,188,2742.4441203126294,0.07142857142857142,0.03571428571428571,0.14285714285714285,3453.791738701473,0.008411413338036368,0.3601019510161569,3387.1490454256927,0.9807044841386886,0.8,0.9105263157894737
radiopaedia_14_85914_0,Radiopaedia,component_natural_50,0.5,0.333919039151133,0.20042185643907814,194,28,6.928571428571429,190,2258.5616798168935,0.14285714285714285,0.07142857142857142,0.2857142857142857,2922.7334191986192,0.014019022230060614,0.47767481745226564,2851.242013434202,0.9755395393590088,0.7371134020618557,0.9072164948453608
radiopaedia_14_85914_0,Radiopaedia,component_natural_50,0.6000000238418579,0.34897710401414916,0.21137023893649254,223,28,7.964285714285714,219,1849.0641712738588,0.14285714285714285,0.07142857142857142,0.21428571428571427,2462.961827735623,0.018692029640080817,1.1146057274380197,2331.5054562843447,0.9466267118024579,0.7174887892376681,0.8565022421524664
radiopaedia_14_85914_0,Radiopaedia,component_natural_50,0.699999988079071,0.36103533916958674,0.220282564839843,255,28,9.107142857142858,250,1466.3140225442978,0.17857142857142858,0.14285714285714285,0.32142857142857145,2021.783198155616,0.014953623712064655,0.6529125953280229,717.5851486797386,0.3549268533512199,0.7450980392156863,0.8784313725490196
radiopaedia_14_85914_0,Radiopaedia,component_natural_50,0.800000011920929,0.36856491144636144,0.2259145423757653,267,28,9.535714285714286,258,1108.8158712570041,0.32142857142857145,0.17857142857142858,0.5,1597.722729319994,0.014953623712064655,0.9504897071981105,544.8072419046156,0.3409898550648339,0.7153558052434457,0.8651685393258427
radiopaedia_14_85914_0,Radiopaedia,component_natural_50,0.8999999761581421,0.36527321376060823,0.22344603198244595,281,28,10.035714285714286,271,726.7872348715504,0.35714285714285715,0.14285714285714285,0.5714285714285714,1124.9891499030841,0.02897264594212527,1.3860139978119927,267.5707966888649,0.23784300205198927,0.6903914590747331,0.8327402135231317
radiopaedia_14_85914_0,Radiopaedia,component_fixed_50,0.10000000149011612,0.09112724695690497,0.04773877505016054,181,28,6.464285714285714,181,17452.52844359519,0.0,0.0,0.14285714285714285,18336.069842832905,0.015888225194068694,0.37290599131961233,18236.876849141885,0.994590280548599,0.7900552486187845,0.9171270718232044
radiopaedia_14_85914_0,Radiopaedia,component_fixed_50,0.20000000298023224,0.09224554292261679,0.048352943210487324,246,28,8.785714285714286,246,16513.261430992985,0.0,0.0,0.17857142857142858,17362.75342903833,0.009346014820040409,0.27570743719119206,17272.371858119644,0.9947945139411168,0.8008130081300813,0.926829268292683
radiopaedia_14_85914_0,Radiopaedia,component_fixed_50,0.30000001192092896,0.09336412091144783,0.048967986984530885,198,28,7.071428571428571,198,15705.590045462875,0.0,0.0,0.17857142857142858,16526.337440327698,0.02149583408609294,0.8888060093858444,16416.342322707682,0.9933442531948062,0.702020202020202,0.8535353535353535
radiopaedia_14_85914_0,Radiopaedia,component_fixed_50,0.4000000059604645,0.09453760656815331,0.04961399757561506,206,28,7.357142857142857,206,14874.342402947734,0.0,0.0,0.17857142857142858,15664.675996385184,0.017290127417074756,0.3958037276287113,15597.963207998255,0.9957411957705142,0.7572815533980582,0.912621359223301
radiopaedia_14_85914_0,Radiopaedia,component_fixed_50,0.5,0.13538670249185653,0.07260846132159755,1846,28,65.92857142857143,1845,9460.167045052383,0.03571428571428571,0.0,0.25,10223.679445159278,0.0018692029640080818,0.012149819266052532,10097.636285491772,0.987671448391588,0.9647887323943662,0.9869989165763814
radiopaedia_14_85914_0,Radiopaedia,component_fixed_50,0.6000000238418579,0.3445490154305219,0.20813000121542494,502,28,17.928571428571427,501,2474.1751763167076,0.03571428571428571,0.0,0.21428571428571427,3208.766333562992,0.007476811856032327,0.27402515452358506,3088.108347634788,0.9623973909642008,0.8087649402390438,0.9282868525896414
radiopaedia_14_85914_0,Radiopaedia,component_fixed_50,0.699999988079071,0.41283765002912,0.26011053628930547,427,28,15.25,425,1605.0229014959275,0.07142857142857142,0.0,0.2857142857142857,2297.0027733732018,0.012149819266052532,0.384121209103661,2172.935361238647,0.94598726062818,0.7681498829039812,0.9086651053864169
radiopaedia_14_85914_0,Radiopaedia,component_fixed_50,0.800000011920929,0.46578308131617924,0.30359662681582655,425,28,15.178571428571429,421,1083.325550436826,0.14285714285714285,0.07142857142857142,0.2857142857142857,1732.607219007263,0.02149583408609294,0.46730074100202057,1411.72768838637,0.8147996111866899,0.7247058823529412,0.9035294117647059
radiopaedia_14_85914_0,Radiopaedia,component_fixed_50,0.8999999761581421,0.5077972591745614,0.3403004466361349,283,28,10.107142857142858,273,675.4280796309823,0.35714285714285715,0.2857142857142857,0.5714285714285714,1264.398045364735,0.03364565335214547,0.6287998770923191,468.352167669275,0.37041513104694146,0.6678445229681979,0.8657243816254417
radiopaedia_27_86410_0,Radiopaedia,complete,0.10000000149011612,0.035187702361085454,0.017908938377151847,667,13,51.30769230769231,667,40720.5323640301,0.0,0.0,0.23076923076923078,41464.4293482327,0.019626631122084855,0.20748152900489705,41334.41693607112,0.9968644832642048,0.8065967016491754,0.9685157421289355
radiopaedia_27_86410_0,Radiopaedia,complete,0.20000000298023224,0.036961460597347603,0.018828698395597917,910,13,70.0,910,37825.393988189135,0.0,0.0,0.23076923076923078,38552.98404573373,0.030841848906133344,0.4289820802398547,37975.515285837515,0.9850214250805804,0.6912087912087912,0.9120879120879121
radiopaedia_27_86410_0,Radiopaedia,complete,0.30000001192092896,0.038324892646011056,0.019536819579520328,959,13,73.76923076923077,959,35743.227122882716,0.0,0.0,0.23076923076923078,36457.5019131132,0.03364565335214546,0.3482325121947057,35944.576731564186,0.9859308741786139,0.7299270072992701,0.9311783107403545
radiopaedia_27_86410_0,Radiopaedia,complete,0.4000000059604645,0.04012397019180813,0.020472708263968593,954,13,73.38461538461539,954,33456.57319171975,0.0,0.0,0.23076923076923078,34158.250488574304,0.03364565335214546,0.31907294595618,33674.2829993437,0.9858316078163168,0.7148846960167715,0.9276729559748428
radiopaedia_27_86410_0,Radiopaedia,complete,0.5,0.04812973658133361,0.024658266219515647,1670,13,128.46153846153845,1670,27108.524406374836,0.0,0.0,0.15384615384615385,27797.124759293183,0.01682282667607273,0.2018739201128728,27309.99738245193,0.9824756200125195,0.8047904191616766,0.9556886227544911
radiopaedia_27_86410_0,Radiopaedia,complete,0.6000000238418579,0.11217046851523016,0.05941768927992591,1729,13,133.0,1729,10517.398522111655,0.0,0.0,0.23076923076923078,11190.875153848212,0.030841848906133344,0.3925326224416971,10597.780791774376,0.9470019677710471,0.728744939271255,0.9201850780798149
radiopaedia_27_86410_0,Radiopaedia,complete,0.699999988079071,0.13409618572847812,0.07186661214947533,1344,13,103.38461538461539,1343,8316.703627654522,0.07692307692307693,0.0,0.38461538461538464,8973.127520750433,0.03925326224416971,0.4309447433520633,6886.8306514950455,0.7674950161545337,0.6941964285714286,0.9188988095238095
radiopaedia_27_86410_0,Radiopaedia,complete,0.800000011920929,0.15986276344832293,0.08687545704357222,1315,13,101.15384615384616,1313,6479.188326893789,0.15384615384615385,0.07692307692307693,0.3076923076923077,7113.066828439317,0.04205706669018183,0.4884227344953125,3898.6087718509216,0.548091121014579,0.6904942965779468,0.9011406844106464
radiopaedia_27_86410_0,Radiopaedia,complete,0.8999999761581421,0.19622471029843672,0.10878556293500524,1209,13,93.0,1207,4656.984602212727,0.15384615384615385,0.07692307692307693,0.3076923076923077,5252.498647523471,0.036449457798157586,0.5248721922934694,2680.277233534166,0.510286134923215,0.707196029776675,0.8957816377171216
radiopaedia_27_86410_0,Radiopaedia,pixel_dropout_matched_50,0.10000000149011612,0.029400641562896814,0.014919644339179467,269,13,20.692307692307693,269,47306.949388157176,0.0,0.0,0.15384615384615385,48024.94482688753,0.030841848906133344,0.21981826856735048,48000.35265809154,0.999487929264997,0.7472118959107806,0.9628252788104089
radiopaedia_27_86410_0,Radiopaedia,pixel_dropout_matched_50,0.20000000298023224,0.030719242232010342,0.015599219212819588,470,13,36.15384615384615,470,43468.395303735386,0.0,0.0,0.15384615384615385,44159.216269774966,0.028038044460121224,0.188696039216616,44120.83499071351,0.9991308432915345,0.7723404255319148,0.9702127659574468
radiopaedia_27_86410_0,Radiopaedia,pixel_dropout_matched_50,0.30000001192092896,0.03198981921136357,0.01625490534736175,650,13,50.0,650,40270.18529391163,0.0,0.0,0.15384615384615385,40938.05712056061,0.0252342400141091,0.1797238649893771,40889.81205745808,0.9988215106798926,0.8076923076923077,0.9723076923076923
radiopaedia_27_86410_0,Radiopaedia,pixel_dropout_matched_50,0.4000000059604645,0.03380543875013481,0.01719333346576112,917,13,70.53846153846153,917,36728.37746064243,0.0,0.0,0.23076923076923078,37373.91137727004,0.0252342400141091,0.2158929423429334,37289.58415475177,0.9977436875239782,0.797164667393675,0.9694656488549618
radiopaedia_27_86410_0,Radiopaedia,pixel_dropout_matched_50,0.5,0.06547462358672373,0.03384531647143215,11641,13,895.4615384615385,11641,17541.918402341464,0.0,0.0,0.23076923076923078,18163.28913225333,0.0056076088920242444,0.036449457798157586,17640.331938396488,0.9712080124888722,0.9578214929988833,0.9920109956189331
radiopaedia_27_86410_0,Radiopaedia,pixel_dropout_matched_50,0.6000000238418579,0.10881543336244649,0.057538240995650546,1870,13,143.84615384615384,1870,9509.812141174954,0.0,0.0,0.23076923076923078,10104.011202200516,0.028038044460121224,0.29467984727587443,9674.059005622345,0.9574473753072905,0.7668449197860963,0.9422459893048128
radiopaedia_27_86410_0,Radiopaedia,pixel_dropout_matched_50,0.699999988079071,0.13454185765272694,0.07212268911241036,1613,13,124.07692307692308,1611,6998.116453761712,0.15384615384615385,0.0,0.3076923076923077,7561.779280565759,0.030841848906133344,0.3443071859702885,3744.0967164400854,0.4951343562834009,0.7104773713577185,0.9293242405455673
radiopaedia_27_86410_0,Radiopaedia,pixel_dropout_matched_50,0.800000011920929,0.16327372267069604,0.0888938785740598,1460,13,112.3076923076923,1458,5089.188253761049,0.15384615384615385,0.07692307692307693,0.3076923076923077,5614.2314781257255,0.03925326224416971,0.5077689851727957,2742.0450454798133,0.48840968815828506,0.6842465753424658,0.8986301369863013
radiopaedia_27_86410_0,Radiopaedia,pixel_dropout_matched_50,0.8999999761581421,0.20158997102708615,0.11209344241825417,1368,13,105.23076923076923,1366,3314.44733074208,0.15384615384615385,0.07692307692307693,0.46153846153846156,3777.579749134362,0.044860871136193955,0.6000141514465942,1444.5228543898913,0.3823937415804143,0.6681286549707602,0.8932748538011696
radiopaedia_27_86410_0,Radiopaedia,component_natural_50,0.10000000149011612,0.07866287833635363,0.040941736590318446,755,13,58.07692307692308,755,17033.78211878624,0.0,0.0,0.07692307692307693,17764.633000901547,0.008411413338036366,0.11775978673250913,17584.283887520705,0.9898478559409761,0.8847682119205298,0.9788079470198675
radiopaedia_27_86410_0,Radiopaedia,component_natural_50,0.20000000298023224,0.11086096410414027,0.058683327165259834,673,13,51.76923076923077,672,11039.413637674637,0.07692307692307693,0.0,0.07692307692307693,11735.200141388113,0.014019022230060612,0.26804370503875924,7253.1897594332195,0.6180712448058229,0.7949479940564635,0.937592867756315
radiopaedia_27_86410_0,Radiopaedia,component_natural_50,0.30000001192092896,0.13031823436297282,0.06970075697270949,447,13,34.38461538461539,445,8710.506373510263,0.15384615384615385,0.0,0.23076923076923078,9374.595867961572,0.028038044460121224,1.0446975365841218,5528.328517508806,0.5897137962397193,0.7069351230425056,0.8612975391498882
radiopaedia_27_86410_0,Radiopaedia,component_natural_50,0.4000000059604645,0.14590206989646134,0.0786916740089957,462,13,35.53846153846154,460,7189.293859913048,0.15384615384615385,0.07692307692307693,0.23076923076923078,7819.339560780876,0.03364565335214546,0.9586207400915475,4582.173491984231,0.5860051806634464,0.6731601731601732,0.8571428571428571
radiopaedia_27_86410_0,Radiopaedia,component_natural_50,0.5,0.15935930747052718,0.08657817254465348,461,13,35.46153846153846,459,6012.481057832841,0.15384615384615385,0.07692307692307693,0.15384615384615385,6603.783788865674,0.044860871136193955,0.9757239472122186,3823.110729533153,0.5789273016447205,0.6572668112798264,0.8438177874186551
radiopaedia_27_86410_0,Radiopaedia,component_natural_50,0.6000000238418579,0.17163652613596578,0.09387440111852152,433,13,33.30769230769231,431,5010.373310783648,0.15384615384615385,0.07692307692307693,0.15384615384615385,5557.434811462857,0.04766467558220608,1.23030939091012,2242.3902703737767,0.4034937604213702,0.625866050808314,0.836027713625866
radiopaedia_27_86410_0,Radiopaedia,component_natural_50,0.699999988079071,0.18412671345046266,0.10139843722264023,472,13,36.30769230769231,470,4079.2859303519426,0.15384615384615385,0.07692307692307693,0.23076923076923078,4575.783621651769,0.058879893366254564,2.10649828028891,1688.9613297976741,0.36910865317271974,0.597457627118644,0.8050847457627118
radiopaedia_27_86410_0,Radiopaedia,component_natural_50,0.800000011920929,0.19715512069986607,0.10935778389120303,552,13,42.46153846153846,549,3147.3910542397857,0.23076923076923078,0.15384615384615385,0.46153846153846156,3580.9517471399786,0.044860871136193955,1.5799438053278323,1350.2084804349356,0.3770529668581307,0.6268115942028986,0.8188405797101449
radiopaedia_27_86410_0,Radiopaedia,component_natural_50,0.8999999761581421,0.2131953165763661,0.11931651990516949,560,13,43.07692307692308,555,2096.855996799072,0.38461538461538464,0.3076923076923077,0.6153846153846154,2444.5529823445886,0.07289891559631517,1.941073817974193,499.1753245457682,0.20419902049617494,0.5625,0.7821428571428571
radiopaedia_27_86410_0,Radiopaedia,component_fixed_50,0.10000000149011612,0.03411732105720264,0.017354708611375568,546,13,42.0,546,40377.994378665244,0.0,0.0,0.07692307692307693,41092.925259136086,0.019626631122084855,0.24393098680305464,41019.73474787739,0.9982189023829005,0.7857142857142857,0.9578754578754579
radiopaedia_27_86410_0,Radiopaedia,component_fixed_50,0.20000000298023224,0.035831512774866715,0.018242586116167386,660,13,50.76923076923077,660,37252.097289308585,0.0,0.0,0.23076923076923078,37946.580023954666,0.0252342400141091,0.32860588107262084,37669.889386004405,0.992708416996325,0.7378787878787879,0.9303030303030303
radiopaedia_27_86410_0,Radiopaedia,component_fixed_50,0.30000001192092896,0.037123464582608005,0.018912786368763618,740,13,56.92307692307692,740,35058.18760161081,0.0,0.0,0.15384615384615385,35736.69145471907,0.0252342400141091,0.3283255006280196,35240.82742322404,0.9861245120544154,0.754054054054054,0.9310810810810811
radiopaedia_27_86410_0,Radiopaedia,component_fixed_50,0.4000000059604645,0.03867537237425116,0.01971900613977862,805,13,61.92307692307692,805,32860.70306324436,0.0,0.0,0.23076923076923078,33524.79816530457,0.0252342400141091,0.34094262063507413,33068.159358009245,0.9863790736324877,0.7453416149068323,0.9366459627329192
radiopaedia_27_86410_0,Radiopaedia,component_fixed_50,0.5,0.05567688255654578,0.028635612083733303,3721,13,286.2307692307692,3721,21839.898275677904,0.0,0.0,0.15384615384615385,22488.69862448511,0.0056076088920242444,0.06168369781226669,21989.98873147738,0.9778239772191732,0.930932545014781,0.9801128728836335
radiopaedia_27_86410_0,Radiopaedia,component_fixed_50,0.6000000238418579,0.13138891502145572,0.07031367633300985,1485,13,114.23076923076923,1485,8176.8190200385325,0.0,0.0,0.23076923076923078,8809.222720445458,0.022430435568096978,0.40430860111494876,7181.1908650640735,0.8151900676091591,0.7252525252525253,0.9178451178451178
radiopaedia_27_86410_0,Radiopaedia,component_fixed_50,0.699999988079071,0.1603847992001431,0.0871838845049815,1115,13,85.76923076923077,1113,6219.446686819671,0.15384615384615385,0.0,0.3076923076923077,6832.930314824909,0.036449457798157586,0.5764621941000925,2565.209099069829,0.37541859507981257,0.6798206278026906,0.8878923766816144
radiopaedia_27_86410_0,Radiopaedia,component_fixed_50,0.800000011920929,0.19150886893470306,0.10589428150631526,948,13,72.92307692307692,946,4749.31107881546,0.15384615384615385,0.07692307692307693,0.3076923076923077,5338.774514131711,0.04766467558220608,1.0606792219263879,1621.7513334223177,0.30376846392923124,0.620253164556962,0.8428270042194093
radiopaedia_27_86410_0,Radiopaedia,component_fixed_50,0.8999999761581421,0.2358777273696252,0.1337082644605594,926,13,71.23076923076923,924,3301.269449845823,0.15384615384615385,0.07692307692307693,0.38461538461538464,3851.9450544559413,0.0504684800282182,0.64066931591377,1033.6954079379652,0.26835673752463923,0.6306695464362851,0.8768898488120951
