case_id,condition,construction_policy,parent_unique_fg,final_unique_fg,equalization_target_unique_fg,semantic_changed
coronacases_001,complete,unchanged_from_v1_0,314,314,314,False
coronacases_001,complete_fixed_25,post_transfer_fixed_pair_unique_voxel_thinning,305,211,211,True
coronacases_001,complete_fixed_50,post_transfer_fixed_pair_unique_voxel_thinning,314,277,277,True
coronacases_001,complete_fixed_75,fixed_pair_side_already_at_shared_training_grid_target_unchanged,314,314,314,False
coronacases_001,component_fixed_25,fixed_pair_side_already_at_shared_training_grid_target_unchanged,211,211,211,False
coronacases_001,component_fixed_50,fixed_pair_side_already_at_shared_training_grid_target_unchanged,277,277,277,False
coronacases_001,component_fixed_75,post_transfer_fixed_pair_unique_voxel_thinning,319,314,314,True
coronacases_001,component_natural_25,natural_component_omission_unchanged,84,84,84,False
coronacases_001,component_natural_50,natural_component_omission_unchanged,148,148,148,False
coronacases_001,component_natural_75,natural_component_omission_unchanged,243,243,243,False
coronacases_001,pixel_dropout_matched_25,post_transfer_unique_voxel_pixel_equalization,121,84,84,True
coronacases_001,pixel_dropout_matched_50,post_transfer_unique_voxel_pixel_equalization,177,148,148,True
coronacases_001,pixel_dropout_matched_75,post_transfer_unique_voxel_pixel_equalization,269,243,243,True
coronacases_002,complete,unchanged_from_v1_0,261,261,261,False
coronacases_002,complete_fixed_25,post_transfer_fixed_pair_unique_voxel_thinning,48,40,40,True
coronacases_002,complete_fixed_50,fixed_pair_side_already_at_shared_training_grid_target_unchanged,261,261,261,False
coronacases_002,complete_fixed_75,fixed_pair_side_already_at_shared_training_grid_target_unchanged,261,261,261,False
coronacases_002,component_fixed_25,fixed_pair_side_already_at_shared_training_grid_target_unchanged,40,40,40,False
coronacases_002,component_fixed_50,post_transfer_fixed_pair_unique_voxel_thinning,275,261,261,True
coronacases_002,component_fixed_75,post_transfer_fixed_pair_unique_voxel_thinning,269,261,261,True
coronacases_002,component_natural_25,natural_component_omission_unchanged,39,39,39,False
coronacases_002,component_natural_50,natural_component_omission_unchanged,132,132,132,False
coronacases_002,component_natural_75,natural_component_omission_unchanged,201,201,201,False
coronacases_002,pixel_dropout_matched_25,post_transfer_unique_voxel_pixel_equalization,55,39,39,True
coronacases_002,pixel_dropout_matched_50,post_transfer_unique_voxel_pixel_equalization,160,132,132,True
coronacases_002,pixel_dropout_matched_75,post_transfer_unique_voxel_pixel_equalization,226,201,201,True
coronacases_003,complete,unchanged_from_v1_0,353,353,353,False
coronacases_003,complete_fixed_25,fixed_pair_side_already_at_shared_training_grid_target_unchanged,260,260,260,False
coronacases_003,complete_fixed_50,fixed_pair_side_already_at_shared_training_grid_target_unchanged,353,353,353,False
coronacases_003,complete_fixed_75,fixed_pair_side_already_at_shared_training_grid_target_unchanged,353,353,353,False
coronacases_003,component_fixed_25,post_transfer_fixed_pair_unique_voxel_thinning,268,260,260,True
coronacases_003,component_fixed_50,post_transfer_fixed_pair_unique_voxel_thinning,359,353,353,True
coronacases_003,component_fixed_75,post_transfer_fixed_pair_unique_voxel_thinning,354,353,353,True
coronacases_003,component_natural_25,natural_component_omission_unchanged,83,83,83,False
coronacases_003,component_natural_50,natural_component_omission_unchanged,174,174,174,False
coronacases_003,component_natural_75,natural_component_omission_unchanged,271,271,271,False
coronacases_003,pixel_dropout_matched_25,post_transfer_unique_voxel_pixel_equalization,112,83,83,True
coronacases_003,pixel_dropout_matched_50,post_transfer_unique_voxel_pixel_equalization,215,174,174,True
coronacases_003,pixel_dropout_matched_75,post_transfer_unique_voxel_pixel_equalization,296,271,271,True
coronacases_004,complete,unchanged_from_v1_0,61,61,61,False
coronacases_004,complete_fixed_25,post_transfer_fixed_pair_unique_voxel_thinning,12,9,9,True
coronacases_004,complete_fixed_50,post_transfer_fixed_pair_unique_voxel_thinning,31,30,30,True
coronacases_004,complete_fixed_75,fixed_pair_side_already_at_shared_training_grid_target_unchanged,50,50,50,False
coronacases_004,component_fixed_25,fixed_pair_side_already_at_shared_training_grid_target_unchanged,9,9,9,False
coronacases_004,component_fixed_50,fixed_pair_side_already_at_shared_training_grid_target_unchanged,30,30,30,False
coronacases_004,component_fixed_75,fixed_pair_side_already_at_shared_training_grid_target_unchanged,50,50,50,False
coronacases_004,component_natural_25,natural_component_omission_unchanged,9,9,9,False
coronacases_004,component_natural_50,natural_component_omission_unchanged,30,30,30,False
coronacases_004,component_natural_75,natural_component_omission_unchanged,45,45,45,False
coronacases_004,pixel_dropout_matched_25,post_transfer_unique_voxel_pixel_equalization,14,9,9,True
coronacases_004,pixel_dropout_matched_50,post_transfer_unique_voxel_pixel_equalization,32,30,30,True
coronacases_004,pixel_dropout_matched_75,post_transfer_unique_voxel_pixel_equalization,49,45,45,True
coronacases_005,complete,unchanged_from_v1_0,20,20,20,False
coronacases_005,complete_fixed_25,fixed_pair_side_already_at_shared_training_grid_target_unchanged,3,3,3,False
coronacases_005,complete_fixed_50,fixed_pair_side_already_at_shared_training_grid_target_unchanged,7,7,7,False
coronacases_005,complete_fixed_75,post_transfer_fixed_pair_unique_voxel_thinning,20,19,19,True
coronacases_005,component_fixed_25,fixed_pair_side_already_at_shared_training_grid_target_unchanged,3,3,3,False
coronacases_005,component_fixed_50,post_transfer_fixed_pair_unique_voxel_thinning,9,7,7,True
coronacases_005,component_fixed_75,fixed_pair_side_already_at_shared_training_grid_target_unchanged,19,19,19,False
coronacases_005,component_natural_25,natural_component_omission_unchanged,3,3,3,False
coronacases_005,component_natural_50,natural_component_omission_unchanged,9,9,9,False
coronacases_005,component_natural_75,natural_component_omission_unchanged,20,20,20,False
coronacases_005,pixel_dropout_matched_25,post_transfer_unique_voxel_pixel_equalization,4,3,3,True
coronacases_005,pixel_dropout_matched_50,post_transfer_unique_voxel_pixel_equalization,8,9,9,True
coronacases_005,pixel_dropout_matched_75,already_exact_after_transfer_unchanged,20,20,20,False
coronacases_006,complete,unchanged_from_v1_0,30,30,30,False
coronacases_006,complete_fixed_25,post_transfer_fixed_pair_unique_voxel_thinning,30,28,28,True
coronacases_006,complete_fixed_50,fixed_pair_side_already_at_shared_training_grid_target_unchanged,30,30,30,False
coronacases_006,complete_fixed_75,fixed_pair_side_already_at_shared_training_grid_target_unchanged,30,30,30,False
coronacases_006,component_fixed_25,fixed_pair_side_already_at_shared_training_grid_target_unchanged,28,28,28,False
coronacases_006,component_fixed_50,post_transfer_fixed_pair_unique_voxel_thinning,31,30,30,True
coronacases_006,component_fixed_75,post_transfer_fixed_pair_unique_voxel_thinning,32,30,30,True
coronacases_006,component_natural_25,natural_component_omission_unchanged,14,14,14,False
coronacases_006,component_natural_50,natural_component_omission_unchanged,14,14,14,False
coronacases_006,component_natural_75,natural_component_omission_unchanged,30,30,30,False
coronacases_006,pixel_dropout_matched_25,post_transfer_unique_voxel_pixel_equalization,18,14,14,True
coronacases_006,pixel_dropout_matched_50,post_transfer_unique_voxel_pixel_equalization,18,14,14,True
coronacases_006,pixel_dropout_matched_75,already_exact_after_transfer_unchanged,30,30,30,False
coronacases_007,complete,unchanged_from_v1_0,72,72,72,False
coronacases_007,complete_fixed_25,fixed_pair_side_already_at_shared_training_grid_target_unchanged,72,72,72,False
coronacases_007,complete_fixed_50,fixed_pair_side_already_at_shared_training_grid_target_unchanged,72,72,72,False
coronacases_007,complete_fixed_75,fixed_pair_side_already_at_shared_training_grid_target_unchanged,72,72,72,False
coronacases_007,component_fixed_25,post_transfer_fixed_pair_unique_voxel_thinning,75,72,72,True
coronacases_007,component_fixed_50,post_transfer_fixed_pair_unique_voxel_thinning,78,72,72,True
coronacases_007,component_fixed_75,post_transfer_fixed_pair_unique_voxel_thinning,74,72,72,True
coronacases_007,component_natural_25,natural_component_omission_unchanged,28,28,28,False
coronacases_007,component_natural_50,natural_component_omission_unchanged,44,44,44,False
coronacases_007,component_natural_75,natural_component_omission_unchanged,54,54,54,False
coronacases_007,pixel_dropout_matched_25,post_transfer_unique_voxel_pixel_equalization,33,28,28,True
coronacases_007,pixel_dropout_matched_50,post_transfer_unique_voxel_pixel_equalization,54,44,44,True
coronacases_007,pixel_dropout_matched_75,post_transfer_unique_voxel_pixel_equalization,61,54,54,True
coronacases_008,complete,unchanged_from_v1_0,245,245,245,False
coronacases_008,complete_fixed_25,post_transfer_fixed_pair_unique_voxel_thinning,245,244,244,True
coronacases_008,complete_fixed_50,post_transfer_fixed_pair_unique_voxel_thinning,245,213,213,True
coronacases_008,complete_fixed_75,fixed_pair_side_already_at_shared_training_grid_target_unchanged,245,245,245,False
coronacases_008,component_fixed_25,fixed_pair_side_already_at_shared_training_grid_target_unchanged,244,244,244,False
coronacases_008,component_fixed_50,fixed_pair_side_already_at_shared_training_grid_target_unchanged,213,213,213,False
coronacases_008,component_fixed_75,post_transfer_fixed_pair_unique_voxel_thinning,246,245,245,True
coronacases_008,component_natural_25,natural_component_omission_unchanged,68,68,68,False
coronacases_008,component_natural_50,natural_component_omission_unchanged,124,124,124,False
coronacases_008,component_natural_75,natural_component_omission_unchanged,194,194,194,False
coronacases_008,pixel_dropout_matched_25,post_transfer_unique_voxel_pixel_equalization,82,68,68,True
coronacases_008,pixel_dropout_matched_50,post_transfer_unique_voxel_pixel_equalization,151,124,124,True
coronacases_008,pixel_dropout_matched_75,post_transfer_unique_voxel_pixel_equalization,210,194,194,True
coronacases_009,complete,unchanged_from_v1_0,65,65,65,False
coronacases_009,complete_fixed_25,fixed_pair_side_already_at_shared_training_grid_target_unchanged,65,65,65,False
coronacases_009,complete_fixed_50,fixed_pair_side_already_at_shared_training_grid_target_unchanged,65,65,65,False
coronacases_009,complete_fixed_75,fixed_pair_side_already_at_shared_training_grid_target_unchanged,65,65,65,False
coronacases_009,component_fixed_25,post_transfer_fixed_pair_unique_voxel_thinning,68,65,65,True
coronacases_009,component_fixed_50,post_transfer_fixed_pair_unique_voxel_thinning,70,65,65,True
coronacases_009,component_fixed_75,fixed_pair_side_already_at_shared_training_grid_target_unchanged,65,65,65,False
coronacases_009,component_natural_25,natural_component_omission_unchanged,19,19,19,False
coronacases_009,component_natural_50,natural_component_omission_unchanged,36,36,36,False
coronacases_009,component_natural_75,natural_component_omission_unchanged,44,44,44,False
coronacases_009,pixel_dropout_matched_25,post_transfer_unique_voxel_pixel_equalization,23,19,19,True
coronacases_009,pixel_dropout_matched_50,post_transfer_unique_voxel_pixel_equalization,42,36,36,True
coronacases_009,pixel_dropout_matched_75,post_transfer_unique_voxel_pixel_equalization,54,44,44,True
coronacases_010,complete,unchanged_from_v1_0,59,59,59,False
coronacases_010,complete_fixed_25,post_transfer_fixed_pair_unique_voxel_thinning,59,50,50,True
coronacases_010,complete_fixed_50,post_transfer_fixed_pair_unique_voxel_thinning,59,53,53,True
coronacases_010,complete_fixed_75,fixed_pair_side_already_at_shared_training_grid_target_unchanged,59,59,59,False
coronacases_010,component_fixed_25,fixed_pair_side_already_at_shared_training_grid_target_unchanged,50,50,50,False
coronacases_010,component_fixed_50,fixed_pair_side_already_at_shared_training_grid_target_unchanged,53,53,53,False
coronacases_010,component_fixed_75,post_transfer_fixed_pair_unique_voxel_thinning,61,59,59,True
coronacases_010,component_natural_25,natural_component_omission_unchanged,20,20,20,False
coronacases_010,component_natural_50,natural_component_omission_unchanged,27,27,27,False
coronacases_010,component_natural_75,natural_component_omission_unchanged,54,54,54,False
coronacases_010,pixel_dropout_matched_25,post_transfer_unique_voxel_pixel_equalization,25,20,20,True
coronacases_010,pixel_dropout_matched_50,post_transfer_unique_voxel_pixel_equalization,33,27,27,True
coronacases_010,pixel_dropout_matched_75,already_exact_after_transfer_unchanged,54,54,54,False
radiopaedia_10_85902_1,complete,unchanged_from_v1_0,13,13,13,False
radiopaedia_10_85902_1,complete_fixed_25,post_transfer_fixed_pair_unique_voxel_thinning,13,12,12,True
radiopaedia_10_85902_1,complete_fixed_50,fixed_pair_side_already_at_shared_training_grid_target_unchanged,13,13,13,False
radiopaedia_10_85902_1,complete_fixed_75,fixed_pair_side_already_at_shared_training_grid_target_unchanged,13,13,13,False
radiopaedia_10_85902_1,component_fixed_25,fixed_pair_side_already_at_shared_training_grid_target_unchanged,12,12,12,False
radiopaedia_10_85902_1,component_fixed_50,fixed_pair_side_already_at_shared_training_grid_target_unchanged,13,13,13,False
radiopaedia_10_85902_1,component_fixed_75,post_transfer_fixed_pair_unique_voxel_thinning,17,13,13,True
radiopaedia_10_85902_1,component_natural_25,natural_component_omission_unchanged,12,12,12,False
radiopaedia_10_85902_1,component_natural_50,natural_component_omission_unchanged,12,12,12,False
radiopaedia_10_85902_1,component_natural_75,natural_component_omission_unchanged,13,13,13,False
radiopaedia_10_85902_1,pixel_dropout_matched_25,post_transfer_unique_voxel_pixel_equalization,13,12,12,True
radiopaedia_10_85902_1,pixel_dropout_matched_50,post_transfer_unique_voxel_pixel_equalization,13,12,12,True
radiopaedia_10_85902_1,pixel_dropout_matched_75,already_exact_after_transfer_unchanged,13,13,13,False
radiopaedia_10_85902_3,complete,unchanged_from_v1_0,22,22,22,False
radiopaedia_10_85902_3,complete_fixed_25,post_transfer_fixed_pair_unique_voxel_thinning,22,15,15,True
radiopaedia_10_85902_3,complete_fixed_50,post_transfer_fixed_pair_unique_voxel_thinning,22,19,19,True
radiopaedia_10_85902_3,complete_fixed_75,post_transfer_fixed_pair_unique_voxel_thinning,22,17,17,True
radiopaedia_10_85902_3,component_fixed_25,fixed_pair_side_already_at_shared_training_grid_target_unchanged,15,15,15,False
radiopaedia_10_85902_3,component_fixed_50,fixed_pair_side_already_at_shared_training_grid_target_unchanged,19,19,19,False
radiopaedia_10_85902_3,component_fixed_75,fixed_pair_side_already_at_shared_training_grid_target_unchanged,17,17,17,False
radiopaedia_10_85902_3,component_natural_25,natural_component_omission_unchanged,12,12,12,False
radiopaedia_10_85902_3,component_natural_50,natural_component_omission_unchanged,12,12,12,False
radiopaedia_10_85902_3,component_natural_75,natural_component_omission_unchanged,22,22,22,False
radiopaedia_10_85902_3,pixel_dropout_matched_25,post_transfer_unique_voxel_pixel_equalization,14,12,12,True
radiopaedia_10_85902_3,pixel_dropout_matched_50,post_transfer_unique_voxel_pixel_equalization,16,12,12,True
radiopaedia_10_85902_3,pixel_dropout_matched_75,already_exact_after_transfer_unchanged,22,22,22,False
radiopaedia_14_85914_0,complete,unchanged_from_v1_0,226,226,226,False
radiopaedia_14_85914_0,complete_fixed_25,post_transfer_fixed_pair_unique_voxel_thinning,226,198,198,True
radiopaedia_14_85914_0,complete_fixed_50,post_transfer_fixed_pair_unique_voxel_thinning,226,203,203,True
radiopaedia_14_85914_0,complete_fixed_75,post_transfer_fixed_pair_unique_voxel_thinning,226,224,224,True
radiopaedia_14_85914_0,component_fixed_25,fixed_pair_side_already_at_shared_training_grid_target_unchanged,198,198,198,False
radiopaedia_14_85914_0,component_fixed_50,fixed_pair_side_already_at_shared_training_grid_target_unchanged,203,203,203,False
radiopaedia_14_85914_0,component_fixed_75,fixed_pair_side_already_at_shared_training_grid_target_unchanged,224,224,224,False
radiopaedia_14_85914_0,component_natural_25,natural_component_omission_unchanged,39,39,39,False
radiopaedia_14_85914_0,component_natural_50,natural_component_omission_unchanged,90,90,90,False
radiopaedia_14_85914_0,component_natural_75,natural_component_omission_unchanged,159,159,159,False
radiopaedia_14_85914_0,pixel_dropout_matched_25,post_transfer_unique_voxel_pixel_equalization,63,39,39,True
radiopaedia_14_85914_0,pixel_dropout_matched_50,post_transfer_unique_voxel_pixel_equalization,129,90,90,True
radiopaedia_14_85914_0,pixel_dropout_matched_75,post_transfer_unique_voxel_pixel_equalization,183,159,159,True
radiopaedia_27_86410_0,complete,unchanged_from_v1_0,139,139,139,False
radiopaedia_27_86410_0,complete_fixed_25,post_transfer_fixed_pair_unique_voxel_thinning,69,59,59,True
radiopaedia_27_86410_0,complete_fixed_50,post_transfer_fixed_pair_unique_voxel_thinning,139,134,134,True
radiopaedia_27_86410_0,complete_fixed_75,post_transfer_fixed_pair_unique_voxel_thinning,139,130,130,True
radiopaedia_27_86410_0,component_fixed_25,fixed_pair_side_already_at_shared_training_grid_target_unchanged,59,59,59,False
radiopaedia_27_86410_0,component_fixed_50,fixed_pair_side_already_at_shared_training_grid_target_unchanged,134,134,134,False
radiopaedia_27_86410_0,component_fixed_75,fixed_pair_side_already_at_shared_training_grid_target_unchanged,130,130,130,False
radiopaedia_27_86410_0,component_natural_25,natural_component_omission_unchanged,33,33,33,False
radiopaedia_27_86410_0,component_natural_50,natural_component_omission_unchanged,72,72,72,False
radiopaedia_27_86410_0,component_natural_75,natural_component_omission_unchanged,102,102,102,False
radiopaedia_27_86410_0,pixel_dropout_matched_25,post_transfer_unique_voxel_pixel_equalization,57,33,33,True
radiopaedia_27_86410_0,pixel_dropout_matched_50,post_transfer_unique_voxel_pixel_equalization,94,72,72,True
radiopaedia_27_86410_0,pixel_dropout_matched_75,post_transfer_unique_voxel_pixel_equalization,125,102,102,True
radiopaedia_29_86490_1,complete,unchanged_from_v1_0,4,4,4,False
radiopaedia_29_86490_1,complete_fixed_25,fixed_pair_side_already_at_shared_training_grid_target_unchanged,2,2,2,False
radiopaedia_29_86490_1,complete_fixed_50,fixed_pair_side_already_at_shared_training_grid_target_unchanged,2,2,2,False
radiopaedia_29_86490_1,complete_fixed_75,fixed_pair_side_already_at_shared_training_grid_target_unchanged,4,4,4,False
radiopaedia_29_86490_1,component_fixed_25,fixed_pair_side_already_at_shared_training_grid_target_unchanged,2,2,2,False
radiopaedia_29_86490_1,component_fixed_50,fixed_pair_side_already_at_shared_training_grid_target_unchanged,2,2,2,False
radiopaedia_29_86490_1,component_fixed_75,fixed_pair_side_already_at_shared_training_grid_target_unchanged,4,4,4,False
radiopaedia_29_86490_1,component_natural_25,natural_component_omission_unchanged,2,2,2,False
radiopaedia_29_86490_1,component_natural_50,natural_component_omission_unchanged,2,2,2,False
radiopaedia_29_86490_1,component_natural_75,natural_component_omission_unchanged,4,4,4,False
radiopaedia_29_86490_1,pixel_dropout_matched_25,already_exact_after_transfer_unchanged,2,2,2,False
radiopaedia_29_86490_1,pixel_dropout_matched_50,already_exact_after_transfer_unchanged,2,2,2,False
radiopaedia_29_86490_1,pixel_dropout_matched_75,already_exact_after_transfer_unchanged,4,4,4,False
radiopaedia_29_86491_1,complete,unchanged_from_v1_0,28,28,28,False
radiopaedia_29_86491_1,complete_fixed_25,post_transfer_fixed_pair_unique_voxel_thinning,16,14,14,True
radiopaedia_29_86491_1,complete_fixed_50,post_transfer_fixed_pair_unique_voxel_thinning,17,16,16,True
radiopaedia_29_86491_1,complete_fixed_75,fixed_pair_side_already_at_shared_training_grid_target_unchanged,28,28,28,False
radiopaedia_29_86491_1,component_fixed_25,fixed_pair_side_already_at_shared_training_grid_target_unchanged,14,14,14,False
radiopaedia_29_86491_1,component_fixed_50,fixed_pair_side_already_at_shared_training_grid_target_unchanged,16,16,16,False
radiopaedia_29_86491_1,component_fixed_75,post_transfer_fixed_pair_unique_voxel_thinning,29,28,28,True
radiopaedia_29_86491_1,component_natural_25,natural_component_omission_unchanged,14,14,14,False
radiopaedia_29_86491_1,component_natural_50,natural_component_omission_unchanged,16,16,16,False
radiopaedia_29_86491_1,component_natural_75,natural_component_omission_unchanged,28,28,28,False
radiopaedia_29_86491_1,pixel_dropout_matched_25,post_transfer_unique_voxel_pixel_equalization,18,14,14,True
radiopaedia_29_86491_1,pixel_dropout_matched_50,post_transfer_unique_voxel_pixel_equalization,21,16,16,True
radiopaedia_29_86491_1,pixel_dropout_matched_75,already_exact_after_transfer_unchanged,28,28,28,False
radiopaedia_36_86526_0,complete,unchanged_from_v1_0,331,331,331,False
radiopaedia_36_86526_0,complete_fixed_25,post_transfer_fixed_pair_unique_voxel_thinning,131,117,117,True
radiopaedia_36_86526_0,complete_fixed_50,post_transfer_fixed_pair_unique_voxel_thinning,244,240,240,True
radiopaedia_36_86526_0,complete_fixed_75,post_transfer_fixed_pair_unique_voxel_thinning,331,328,328,True
radiopaedia_36_86526_0,component_fixed_25,fixed_pair_side_already_at_shared_training_grid_target_unchanged,117,117,117,False
radiopaedia_36_86526_0,component_fixed_50,fixed_pair_side_already_at_shared_training_grid_target_unchanged,240,240,240,False
radiopaedia_36_86526_0,component_fixed_75,fixed_pair_side_already_at_shared_training_grid_target_unchanged,328,328,328,False
radiopaedia_36_86526_0,component_natural_25,natural_component_omission_unchanged,83,83,83,False
radiopaedia_36_86526_0,component_natural_50,natural_component_omission_unchanged,164,164,164,False
radiopaedia_36_86526_0,component_natural_75,natural_component_omission_unchanged,243,243,243,False
radiopaedia_36_86526_0,pixel_dropout_matched_25,post_transfer_unique_voxel_pixel_equalization,115,83,83,True
radiopaedia_36_86526_0,pixel_dropout_matched_50,post_transfer_unique_voxel_pixel_equalization,212,164,164,True
radiopaedia_36_86526_0,pixel_dropout_matched_75,post_transfer_unique_voxel_pixel_equalization,271,243,243,True
radiopaedia_40_86625_0,complete,unchanged_from_v1_0,96,96,96,False
radiopaedia_40_86625_0,complete_fixed_25,post_transfer_fixed_pair_unique_voxel_thinning,64,62,62,True
radiopaedia_40_86625_0,complete_fixed_50,fixed_pair_side_already_at_shared_training_grid_target_unchanged,96,96,96,False
radiopaedia_40_86625_0,complete_fixed_75,post_transfer_fixed_pair_unique_voxel_thinning,96,94,94,True
radiopaedia_40_86625_0,component_fixed_25,fixed_pair_side_already_at_shared_training_grid_target_unchanged,62,62,62,False
radiopaedia_40_86625_0,component_fixed_50,post_transfer_fixed_pair_unique_voxel_thinning,102,96,96,True
radiopaedia_40_86625_0,component_fixed_75,fixed_pair_side_already_at_shared_training_grid_target_unchanged,94,94,94,False
radiopaedia_40_86625_0,component_natural_25,natural_component_omission_unchanged,29,29,29,False
radiopaedia_40_86625_0,component_natural_50,natural_component_omission_unchanged,61,61,61,False
radiopaedia_40_86625_0,component_natural_75,natural_component_omission_unchanged,74,74,74,False
radiopaedia_40_86625_0,pixel_dropout_matched_25,post_transfer_unique_voxel_pixel_equalization,39,29,29,True
radiopaedia_40_86625_0,pixel_dropout_matched_50,post_transfer_unique_voxel_pixel_equalization,66,61,61,True
radiopaedia_40_86625_0,pixel_dropout_matched_75,post_transfer_unique_voxel_pixel_equalization,81,74,74,True
radiopaedia_4_85506_1,complete,unchanged_from_v1_0,240,240,240,False
radiopaedia_4_85506_1,complete_fixed_25,post_transfer_fixed_pair_unique_voxel_thinning,84,67,67,True
radiopaedia_4_85506_1,complete_fixed_50,post_transfer_fixed_pair_unique_voxel_thinning,171,159,159,True
radiopaedia_4_85506_1,complete_fixed_75,post_transfer_fixed_pair_unique_voxel_thinning,240,239,239,True
radiopaedia_4_85506_1,component_fixed_25,fixed_pair_side_already_at_shared_training_grid_target_unchanged,67,67,67,False
radiopaedia_4_85506_1,component_fixed_50,fixed_pair_side_already_at_shared_training_grid_target_unchanged,159,159,159,False
radiopaedia_4_85506_1,component_fixed_75,fixed_pair_side_already_at_shared_training_grid_target_unchanged,239,239,239,False
radiopaedia_4_85506_1,component_natural_25,natural_component_omission_unchanged,50,50,50,False
radiopaedia_4_85506_1,component_natural_50,natural_component_omission_unchanged,94,94,94,False
radiopaedia_4_85506_1,component_natural_75,natural_component_omission_unchanged,172,172,172,False
radiopaedia_4_85506_1,pixel_dropout_matched_25,post_transfer_unique_voxel_pixel_equalization,77,50,50,True
radiopaedia_4_85506_1,pixel_dropout_matched_50,post_transfer_unique_voxel_pixel_equalization,128,94,94,True
radiopaedia_4_85506_1,pixel_dropout_matched_75,post_transfer_unique_voxel_pixel_equalization,200,172,172,True
radiopaedia_7_85703_0,complete,unchanged_from_v1_0,46,46,46,False
radiopaedia_7_85703_0,complete_fixed_25,post_transfer_fixed_pair_unique_voxel_thinning,46,44,44,True
radiopaedia_7_85703_0,complete_fixed_50,fixed_pair_side_already_at_shared_training_grid_target_unchanged,46,46,46,False
radiopaedia_7_85703_0,complete_fixed_75,post_transfer_fixed_pair_unique_voxel_thinning,46,40,40,True
radiopaedia_7_85703_0,component_fixed_25,fixed_pair_side_already_at_shared_training_grid_target_unchanged,44,44,44,False
radiopaedia_7_85703_0,component_fixed_50,post_transfer_fixed_pair_unique_voxel_thinning,47,46,46,True
radiopaedia_7_85703_0,component_fixed_75,fixed_pair_side_already_at_shared_training_grid_target_unchanged,40,40,40,False
radiopaedia_7_85703_0,component_natural_25,natural_component_omission_unchanged,15,15,15,False
radiopaedia_7_85703_0,component_natural_50,natural_component_omission_unchanged,25,25,25,False
radiopaedia_7_85703_0,component_natural_75,natural_component_omission_unchanged,42,42,42,False
radiopaedia_7_85703_0,pixel_dropout_matched_25,post_transfer_unique_voxel_pixel_equalization,19,15,15,True
radiopaedia_7_85703_0,pixel_dropout_matched_50,post_transfer_unique_voxel_pixel_equalization,33,25,25,True
radiopaedia_7_85703_0,pixel_dropout_matched_75,already_exact_after_transfer_unchanged,42,42,42,False
