relative_path,bytes,sha256
annotations/coronacases_001__complete.npz,3798,32a2c007b0860291d4a824a1694277e1a076143c3ed2cacd2d2f3b1ba60825f5
annotations/coronacases_001__complete_fixed_25.npz,3277,7780eb356af06015a4f93f365b858b4fecf076235671146186aa061d315e3edd
annotations/coronacases_001__complete_fixed_50.npz,3623,04da9038c473f7b0f25fbd4aa008bf76a1be72d4566067ea307b6e966c91ef23
annotations/coronacases_001__complete_fixed_75.npz,3798,32a2c007b0860291d4a824a1694277e1a076143c3ed2cacd2d2f3b1ba60825f5
annotations/coronacases_001__component_fixed_25.npz,2926,a23c7b81814c7d0f4b9ef23239cec57069f9d39ac076491a5592243e95562bea
annotations/coronacases_001__component_fixed_50.npz,3409,2935c50cef3dde127ffdab49e1d190fa0bd2805c2f928d5f7546c55564f35a5e
annotations/coronacases_001__component_fixed_75.npz,3733,8f058235667768c585ca5bec874da7d32153c9c0fbbda59eef6bdb8c6384e89b
annotations/coronacases_001__component_natural_25.npz,2295,df0e0c0b5f8eb20bf8a9d71ec05ecbc08f78379e46fccc546a8c83a14904beb6
annotations/coronacases_001__component_natural_50.npz,2754,934f538a7562dbd1ca2b21c99efa895b42dea632e66db2221ae1b1b78be035f6
annotations/coronacases_001__component_natural_75.npz,3358,d1f1047ec0c736b9592f09f193ee8125e630341f3ffe48ba152859fcee1200c4
annotations/coronacases_001__pixel_dropout_matched_25.npz,2547,5ffa30c8d6b25e98986bc072a2664385b4fff628623f5fafcaec3fd3eafd41f5
annotations/coronacases_001__pixel_dropout_matched_50.npz,2975,35fe2f5a5a230226d93eb57401901f9d1f685428d912e7a02ec41a6c64a5c378
annotations/coronacases_001__pixel_dropout_matched_75.npz,3454,5853e84ff1d0f0ac8e42657aadd2c3733d3a77e9f2a993f22a29105c349b0d59
annotations/coronacases_002__complete.npz,3325,8696514b7717cd135d79b541b6b85184ed524f5744385a1508e282cd73e59282
annotations/coronacases_002__complete_fixed_25.npz,2016,97cfc05fed416e6f59646bd6cf4345b671389028a3061fef269e07ed72513fb1
annotations/coronacases_002__complete_fixed_50.npz,3325,8696514b7717cd135d79b541b6b85184ed524f5744385a1508e282cd73e59282
annotations/coronacases_002__complete_fixed_75.npz,3325,8696514b7717cd135d79b541b6b85184ed524f5744385a1508e282cd73e59282
annotations/coronacases_002__component_fixed_25.npz,1892,2e5d083258d6d660b4346854d9c2b99849211ee2d71209efec1c5eb71f9bd34f
annotations/coronacases_002__component_fixed_50.npz,3202,a16e1de7a0817a56208a008e1c6370504fe09034635d739d519461563f5d8887
annotations/coronacases_002__component_fixed_75.npz,3254,1620491172f833667fdd68a9bca29899884a287f6592f08b76e716ff9fb1f88b
annotations/coronacases_002__component_natural_25.npz,1886,3f7ad380db533cf4394fc21101bc9510b5e262839469f167537f7f371dd9e56d
annotations/coronacases_002__component_natural_50.npz,2493,dca6dc106e95553ea6c236c0e39cbe7568bfd82d2b9ec0c1b4f79f5027256373
annotations/coronacases_002__component_natural_75.npz,2951,20fb8331bc8e78a83d8e942f532d83576fbcc9b788472d20407d442e19721365
annotations/coronacases_002__pixel_dropout_matched_25.npz,2031,2e8821aad434eac267550cbf7cd65ad98a9d19d4a0375a66ed520829c2bb5ead
annotations/coronacases_002__pixel_dropout_matched_50.npz,2701,85a65a04f9dd8f959548e78c5398624b7be3e1bf70c936ab883c77fcbb82edce
annotations/coronacases_002__pixel_dropout_matched_75.npz,3077,e6876c873e1b7b0e908bbf9a8a11b49895f57ddee1ed24f81a604ee8374d3b58
annotations/coronacases_003__complete.npz,4216,596fffd2bdcd9bf7cffa0fdac366d911a450969a803ebec0aca89038c9fbb117
annotations/coronacases_003__complete_fixed_25.npz,3649,ca3ac5cf5550f691a96eec21a81f4b4bce632cfe64520ce8408f980589b89b8a
annotations/coronacases_003__complete_fixed_50.npz,4216,596fffd2bdcd9bf7cffa0fdac366d911a450969a803ebec0aca89038c9fbb117
annotations/coronacases_003__complete_fixed_75.npz,4216,596fffd2bdcd9bf7cffa0fdac366d911a450969a803ebec0aca89038c9fbb117
annotations/coronacases_003__component_fixed_25.npz,3431,76ef86a7b9dd0326d75846c6c3d4656a7997464c7c888d0536c320fa378e1308
annotations/coronacases_003__component_fixed_50.npz,4027,cba1cb573630427ee65e6b62535918a6b20e670668d7575714ddaa0dd53f25c8
annotations/coronacases_003__component_fixed_75.npz,4102,9d0941f83702113b921ac6e0fdded293b29f1e16d9a936c5b8239b14884036ac
annotations/coronacases_003__component_natural_25.npz,2429,48bdfa8ca8b545cfcc4524712f47975083a50f656b6e1428e1dc8bc725a2f442
annotations/coronacases_003__component_natural_50.npz,3011,fcc5afc80ea5ec8e7d8cb9581cf08f32d832b5a362be90d245b48ed3b28ff3d3
annotations/coronacases_003__component_natural_75.npz,3666,b3141a991f3d478b0d3a82f39a6f75d22c6507eda0fddab3b715907eae9ad1a0
annotations/coronacases_003__pixel_dropout_matched_25.npz,2668,826e918bc7dcf1d920203fd1df45cfdc01a44d652114e074aae385b923259614
annotations/coronacases_003__pixel_dropout_matched_50.npz,3260,aa82e920a8da7567f2042c3a082f6c657973d56f626e42757284fd16de6acbfe
annotations/coronacases_003__pixel_dropout_matched_75.npz,3812,258fb367b79c7781a3a068c4b908ac38452b4c53ad24db988b7449ea3deec6b7
annotations/coronacases_004__complete.npz,1422,d3716052f52a6816fdcc9e3401e35e888af0d8292326a7f22e065e880bbc8d1e
annotations/coronacases_004__complete_fixed_25.npz,1150,d7a12e9c5ba2ae1b10bf704753461a6d56f1de26edadd0ca12ecc114ee3b1757
annotations/coronacases_004__complete_fixed_50.npz,1273,a614b92a99547fd98bf1e93f2e19f915727b73541b48f1d39b19c56174ed0ef1
annotations/coronacases_004__complete_fixed_75.npz,1382,85fb7a075bbdcde3b13c9044f9580bc8d88b35c49d011e305900d1955d3806bf
annotations/coronacases_004__component_fixed_25.npz,1102,d171205914d267fd759a02c1f49b8ae34b55c2c8f16b45f4de9c29b605ab856e
annotations/coronacases_004__component_fixed_50.npz,1241,da59aa774c29ed639742b9f375fa54d392665a5b7b06e34cb727cd45169a0aef
annotations/coronacases_004__component_fixed_75.npz,1360,d5409b69883d3700e2c6fcf48d0c39ab82834c643890913ca0f6d5293b521476
annotations/coronacases_004__component_natural_25.npz,1102,d171205914d267fd759a02c1f49b8ae34b55c2c8f16b45f4de9c29b605ab856e
annotations/coronacases_004__component_natural_50.npz,1241,da59aa774c29ed639742b9f375fa54d392665a5b7b06e34cb727cd45169a0aef
annotations/coronacases_004__component_natural_75.npz,1325,dee8002d2f2289fd7734ca72c1a3d03b24b15f5219ef5f722a7cd33533a209c3
annotations/coronacases_004__pixel_dropout_matched_25.npz,1159,dd83088273ce35a23dfa3ff7d7fcdc69085e17239e066060ecf0f781fe00aaa0
annotations/coronacases_004__pixel_dropout_matched_50.npz,1294,4ba481b74c443c403ad8c41ea10affee9696009ba9e6f496838e8bbef790b9df
annotations/coronacases_004__pixel_dropout_matched_75.npz,1369,d2c23a71bf80f7909a51f69401785de2d2da4ac521ae49323e36d31fc542a9e0
annotations/coronacases_005__complete.npz,1124,3a065904c60c2217ea79caa91d9bcc50ac0c90cd468cbdb83c353e2571080b0a
annotations/coronacases_005__complete_fixed_25.npz,1004,5a67e5f8439b0a7d42622576fe9313228fa2ce693b36bb1f61a811fe86eb5e8f
annotations/coronacases_005__complete_fixed_50.npz,1025,d593f6efd1a3c24923f0c9cb9a7ac007bde01b7db2322d9dd312d07566dd6e12
annotations/coronacases_005__complete_fixed_75.npz,1116,e6112c748422462b885cda08c2ad337ed4ee8853331770014a64d0fa9e8436e7
annotations/coronacases_005__component_fixed_25.npz,985,9901110502e97f102788c1a1c0b06802eb105a570d76ba472ad9fa3e1d1f40ec
annotations/coronacases_005__component_fixed_50.npz,1029,014fd7bc66858f01ff64eb17c04dc10e1bbda8d50acf62c75d4513b5dbfcf75b
annotations/coronacases_005__component_fixed_75.npz,1117,8f44f49bd62824f2da84e4d71754536e94cfe7432b0718f2386f23c424411aba
annotations/coronacases_005__component_natural_25.npz,985,9901110502e97f102788c1a1c0b06802eb105a570d76ba472ad9fa3e1d1f40ec
annotations/coronacases_005__component_natural_50.npz,1042,0cc297c4bb0e1f897e2051199b6d172b725b89591cab2788985e08365c898a42
annotations/coronacases_005__component_natural_75.npz,1124,3a065904c60c2217ea79caa91d9bcc50ac0c90cd468cbdb83c353e2571080b0a
annotations/coronacases_005__pixel_dropout_matched_25.npz,1002,0fcd5a96d8b401d0fbee658e9fd7c4845f598035e15e17aec11cd52b14c3d47d
annotations/coronacases_005__pixel_dropout_matched_50.npz,1052,27c25399865120b77e25eda7bc2fe84817f952ffc227cbe1a512cc871f904007
annotations/coronacases_005__pixel_dropout_matched_75.npz,1124,3a065904c60c2217ea79caa91d9bcc50ac0c90cd468cbdb83c353e2571080b0a
annotations/coronacases_006__complete.npz,1192,f9ef9152633baae394b9e980840e42d36aecb57557ea72ca7b73003cb05c9c4d
annotations/coronacases_006__complete_fixed_25.npz,1189,87625916939a77af02cca4414f49eb1f59cbb042bcb4f7233b8e269d2fb8e377
annotations/coronacases_006__complete_fixed_50.npz,1192,f9ef9152633baae394b9e980840e42d36aecb57557ea72ca7b73003cb05c9c4d
annotations/coronacases_006__complete_fixed_75.npz,1192,f9ef9152633baae394b9e980840e42d36aecb57557ea72ca7b73003cb05c9c4d
annotations/coronacases_006__component_fixed_25.npz,1186,23abbf896543b514b5358bd70fc69c7d007ab14786d83c02528ebb7db7fe4fcd
annotations/coronacases_006__component_fixed_50.npz,1207,c8f1047a0564196dd7a4be53939db08b739a2784ef593de502930a012796911e
annotations/coronacases_006__component_fixed_75.npz,1219,08933c2f388ec244795723d8f2d396ca7201a756df650b9495165c36e6fec6ff
annotations/coronacases_006__component_natural_25.npz,1104,a93bde506aa4f5243510ec7ed6cd19dc2aad0e17a330a375e53ee81c5c355c56
annotations/coronacases_006__component_natural_50.npz,1104,a93bde506aa4f5243510ec7ed6cd19dc2aad0e17a330a375e53ee81c5c355c56
annotations/coronacases_006__component_natural_75.npz,1192,f9ef9152633baae394b9e980840e42d36aecb57557ea72ca7b73003cb05c9c4d
annotations/coronacases_006__pixel_dropout_matched_25.npz,1130,987458f0ada7bfb8837ab131533d4b95f7d516c303f240dba136a5a70046eb2b
annotations/coronacases_006__pixel_dropout_matched_50.npz,1115,a3d24a6d2294330ed13896f14e5fe9475ec2dc05089cac24091e601ea756776b
annotations/coronacases_006__pixel_dropout_matched_75.npz,1192,f9ef9152633baae394b9e980840e42d36aecb57557ea72ca7b73003cb05c9c4d
annotations/coronacases_007__complete.npz,1616,a47f39163bfb328d81de233ba58e10c8c55d1df8dbd9734efeb69197565b410b
annotations/coronacases_007__complete_fixed_25.npz,1616,a47f39163bfb328d81de233ba58e10c8c55d1df8dbd9734efeb69197565b410b
annotations/coronacases_007__complete_fixed_50.npz,1616,a47f39163bfb328d81de233ba58e10c8c55d1df8dbd9734efeb69197565b410b
annotations/coronacases_007__complete_fixed_75.npz,1616,a47f39163bfb328d81de233ba58e10c8c55d1df8dbd9734efeb69197565b410b
annotations/coronacases_007__component_fixed_25.npz,1560,dc1f73b76ad17c26e5cd9f30819b2274d3d0570d3eb9a760483eef98aa1c0693
annotations/coronacases_007__component_fixed_50.npz,1601,d71d28d6cb60cafc0639b727688a937846a1beef839f045406433aef651578b4
annotations/coronacases_007__component_fixed_75.npz,1617,b305f2471e4d48dcbb48477affe8a566b8965f8ca130acb9ab00cb6cf3167be3
annotations/coronacases_007__component_natural_25.npz,1286,0ad431e0dc05b5bc4689755b8f05d727a9295ae48b7fd2b9611e0f5c26c71f69
annotations/coronacases_007__component_natural_50.npz,1412,580c2d010d310181379d264df685d021a90e5b760dc5104c0898a85cb60fbc19
annotations/coronacases_007__component_natural_75.npz,1492,1a0eb7cc34e25f9514a3e4673af990be9c467d08a199b99f57ca11aa2f34c2e5
annotations/coronacases_007__pixel_dropout_matched_25.npz,1364,61026127fc03113d99c4d0b8c4e40f5437074b88e987c44f757beaae5680a4ed
annotations/coronacases_007__pixel_dropout_matched_50.npz,1481,8912b0118f6b4879b13c0b9d70a1fb455d8ac216a4b48da35d293a1c69bde814
annotations/coronacases_007__pixel_dropout_matched_75.npz,1513,d89eab540d4c8b2a463b8078fae1bad3af299f9e3da580dec145f30da24698c6
annotations/coronacases_008__complete.npz,3139,b4fe1763b9c9fae42f55b994b23f5c128eb3bababed5271a4e48d73818c54c50
annotations/coronacases_008__complete_fixed_25.npz,3136,5ef6103963a9b273c432bcfc368ccb823b41d856c6433def3b0800ab58eb4bcc
annotations/coronacases_008__complete_fixed_50.npz,3018,d78cfb9b6a032b430d7fdbb56410d91aec86a89a0754e1b50f179a70b2e88b5b
annotations/coronacases_008__complete_fixed_75.npz,3139,b4fe1763b9c9fae42f55b994b23f5c128eb3bababed5271a4e48d73818c54c50
annotations/coronacases_008__component_fixed_25.npz,3003,a19ac378c81c58028b9cd0523c1be1f8e75ad18286a05ae2fff54721bd1801b9
annotations/coronacases_008__component_fixed_50.npz,2910,0e6a3191c8d80282d410fd38fb015c7ca889afe5480105e6af5b2b4345b410e2
annotations/coronacases_008__component_fixed_75.npz,3152,7a295460b2de46d5f1805a219388fa41534b54994819a1fe00c0fcfd87ea3989
annotations/coronacases_008__component_natural_25.npz,1985,8c45f2dc945a6716dfbd21ed00902d3ff7e7d9538de6ed38142b9491dd4a68b5
annotations/coronacases_008__component_natural_50.npz,2397,abb3b20879a9b6a2350c17116e6a4f5d4f56973dca5922ee668eb66ad1a3c90c
annotations/coronacases_008__component_natural_75.npz,2835,585bd2b49f56ea7612acd8b3971177e047c286cffd11665dc9fc735f5b458f91
annotations/coronacases_008__pixel_dropout_matched_25.npz,2181,828c02006bc5b700c779ba76e602b6c9022137a6ec62ecd08207009a1a6b5592
annotations/coronacases_008__pixel_dropout_matched_50.npz,2551,a3d5c384b65b3ca9e8c0dbf6345cdf9fa0515075affb714b853e446df4b8ac98
annotations/coronacases_008__pixel_dropout_matched_75.npz,2910,71c223bb82be4e9287dbc50d59b26603dffff5effa63237f6f6c288a8fab1d50
annotations/coronacases_009__complete.npz,1533,db6854691a36e860b040e83f6b29d75dab57073e49293a6096dd5abbdab4012c
annotations/coronacases_009__complete_fixed_25.npz,1533,db6854691a36e860b040e83f6b29d75dab57073e49293a6096dd5abbdab4012c
annotations/coronacases_009__complete_fixed_50.npz,1533,db6854691a36e860b040e83f6b29d75dab57073e49293a6096dd5abbdab4012c
annotations/coronacases_009__complete_fixed_75.npz,1533,db6854691a36e860b040e83f6b29d75dab57073e49293a6096dd5abbdab4012c
annotations/coronacases_009__component_fixed_25.npz,1490,5068b4eebf595eae5faf91671e667fca656016ab909b3852d1b4783d30c768a4
annotations/coronacases_009__component_fixed_50.npz,1489,1dad5e901a7cf6ff8a1d7f78ce48358181610be676b17775830b35f34d852435
annotations/coronacases_009__component_fixed_75.npz,1486,b9347dbb084bdb56a4123a95e2c106e51e933d472a901d9e0404c463c7e0724d
annotations/coronacases_009__component_natural_25.npz,1235,f1cceaaf226fd2c7591b6946eb7c7b9b9b25e555ba16498b1b2dfdae11310909
annotations/coronacases_009__component_natural_50.npz,1340,2d44358caacdaf2ebdf9d57aef30403fc7ec0112ad5f2d0d9019b4ab3e51681f
annotations/coronacases_009__component_natural_75.npz,1387,1dce51f0732629f61b0f5543f09872a02501ac1347bde7a2d6b46eb57f1d94df
annotations/coronacases_009__pixel_dropout_matched_25.npz,1273,6b146b0578884218b72e1b6fb50d4dc59fb6bc2e187317f21266a97d368e754f
annotations/coronacases_009__pixel_dropout_matched_50.npz,1401,e954d5e3402f3240bed032674ae7ae4154991d210b3927ebefc03e102c57b07d
annotations/coronacases_009__pixel_dropout_matched_75.npz,1423,88da1e86ceb60d111bfff1fd0e36858f4416470645edb1039a7b5e32b1dce0a7
annotations/coronacases_010__complete.npz,1437,06f9dbededc405c29b8c5c5c1c10a1adca9d5788fd9654dd962b6e3700d0ea57
annotations/coronacases_010__complete_fixed_25.npz,1407,a0c4b0fefb60a50542d3c7dc0167065804ac3e28a0d73d0ccfda4715e68dd722
annotations/coronacases_010__complete_fixed_50.npz,1410,55a99335ab1da09d50714d9ee9c4fdb1554bc1d690cb5fb790ad3ff685b1b935
annotations/coronacases_010__complete_fixed_75.npz,1437,06f9dbededc405c29b8c5c5c1c10a1adca9d5788fd9654dd962b6e3700d0ea57
annotations/coronacases_010__component_fixed_25.npz,1365,799630411d4dd2c68324f403b3a40bd6c3e0ae387a5d716516515f0a1da19344
annotations/coronacases_010__component_fixed_50.npz,1395,311b5672e2cedba2861c35eff493a1fa43878b357e02ac484e6cd50584ffc102
annotations/coronacases_010__component_fixed_75.npz,1447,964f62c1559f2c855ba59b38b0a76da1b29f9ff3e22f61b3a845a1daad857615
annotations/coronacases_010__component_natural_25.npz,1194,93773d7a89f4021f67168dbfb1ded51e9d51c5f071c21dacb33ad289b70ec24c
annotations/coronacases_010__component_natural_50.npz,1244,7b4c001719c04fa91fc47dd5997fe0969a713caef89281e09f54861570eacb1f
annotations/coronacases_010__component_natural_75.npz,1398,4622d1610c19e5e4a8482905b9467dcd1e631a8cea2e69f70778a6abc1b62ac2
annotations/coronacases_010__pixel_dropout_matched_25.npz,1244,aeccc21a965205336ab935f78ded7d7c9b0647ebaa7dbf38c4dbb33bc5133b79
annotations/coronacases_010__pixel_dropout_matched_50.npz,1284,778b5083ae4613b1c55a817a248f292dcca5f6c1605e299cb4a60482b24dd827
annotations/coronacases_010__pixel_dropout_matched_75.npz,1411,2fb2573818d2c24dd1176686184939d4615ca7833b8faadeada9b8b6aa8a32a0
annotations/radiopaedia_10_85902_1__complete.npz,1066,f501f6b18f6c72dcaed4a019df50bb9875123fe9bf5575e23a9615e54e64ec17
annotations/radiopaedia_10_85902_1__complete_fixed_25.npz,1060,10a2dd6161749f11b0677a0274cf1e0dca31cc774bb862b86e4aa7ef16727211
annotations/radiopaedia_10_85902_1__complete_fixed_50.npz,1066,f501f6b18f6c72dcaed4a019df50bb9875123fe9bf5575e23a9615e54e64ec17
annotations/radiopaedia_10_85902_1__complete_fixed_75.npz,1066,f501f6b18f6c72dcaed4a019df50bb9875123fe9bf5575e23a9615e54e64ec17
annotations/radiopaedia_10_85902_1__component_fixed_25.npz,1046,bd2620aeff1a4ea6fd6796202d824a7d7191793736bceea2b5e777d5e703fb69
annotations/radiopaedia_10_85902_1__component_fixed_50.npz,1062,5c55e7c8ab2131c396b0cfd6bbdde044050680e6156fb2c0efe40cb1fd674466
annotations/radiopaedia_10_85902_1__component_fixed_75.npz,1079,efc1e84872eeb8c7daa3c5d245b13c46748bc164196032b083dd613c0e6facc8
annotations/radiopaedia_10_85902_1__component_natural_25.npz,1050,8a0cd5c00ad2c0b8e446b6e620e15655c084a30033b051f3576bec4ad2a58467
annotations/radiopaedia_10_85902_1__component_natural_50.npz,1050,8a0cd5c00ad2c0b8e446b6e620e15655c084a30033b051f3576bec4ad2a58467
annotations/radiopaedia_10_85902_1__component_natural_75.npz,1066,f501f6b18f6c72dcaed4a019df50bb9875123fe9bf5575e23a9615e54e64ec17
annotations/radiopaedia_10_85902_1__pixel_dropout_matched_25.npz,1060,01f3d79d98ed353442a40985ae60f326aa79b638a497f7a40c902dc967c692a3
annotations/radiopaedia_10_85902_1__pixel_dropout_matched_50.npz,1060,9b2d8d9dbcf612e851db721d2052fc32c166220bfcf99b75a6afa5085cc962bb
annotations/radiopaedia_10_85902_1__pixel_dropout_matched_75.npz,1066,f501f6b18f6c72dcaed4a019df50bb9875123fe9bf5575e23a9615e54e64ec17
annotations/radiopaedia_10_85902_3__complete.npz,1165,e6959874c40b5dc1c7a5c02b78da0050062fdd887311b0797384f64b3bb39bbc
annotations/radiopaedia_10_85902_3__complete_fixed_25.npz,1131,b3e172c7f60d70aed40a1a8e2b8e8f647e8e8e0a7aff0285450b35935d36ee9d
annotations/radiopaedia_10_85902_3__complete_fixed_50.npz,1151,5ede1ef6f8fcda70994e2ce3bc0e549faddbd8c763b14a687c0e517870e9960e
annotations/radiopaedia_10_85902_3__complete_fixed_75.npz,1136,4143b5bf910dede2ff94aca5fd5cd9bb4d1eb970903a0d56c1c409bf3ff922fa
annotations/radiopaedia_10_85902_3__component_fixed_25.npz,1096,0e80bfdde125ff659f83676a0d39d9f3f4d23aefbe3fd58f4fa71847bb998772
annotations/radiopaedia_10_85902_3__component_fixed_50.npz,1120,1b8b817ff0f546d25761c41f2164651912a763273d4c89db14998cff5dff01c6
annotations/radiopaedia_10_85902_3__component_fixed_75.npz,1135,9bd42791ee5324872b7f71c452b35bb5da9235425cfc91ebf91e197a0c1c1338
annotations/radiopaedia_10_85902_3__component_natural_25.npz,1077,2af7148cdae2601ed662f5c7aeec55cd38bad703dd109f1dfbad8b5179323294
annotations/radiopaedia_10_85902_3__component_natural_50.npz,1077,2af7148cdae2601ed662f5c7aeec55cd38bad703dd109f1dfbad8b5179323294
annotations/radiopaedia_10_85902_3__component_natural_75.npz,1165,e6959874c40b5dc1c7a5c02b78da0050062fdd887311b0797384f64b3bb39bbc
annotations/radiopaedia_10_85902_3__pixel_dropout_matched_25.npz,1115,b011a6d48a809a7da8737a4d8da80618f6d605f642b020bb8cb10b0847422dd0
annotations/radiopaedia_10_85902_3__pixel_dropout_matched_50.npz,1117,eda114ae9fd2949ff6654bd351afa1595265b6215c45cdeeb1aea92a966f63f5
annotations/radiopaedia_10_85902_3__pixel_dropout_matched_75.npz,1165,e6959874c40b5dc1c7a5c02b78da0050062fdd887311b0797384f64b3bb39bbc
annotations/radiopaedia_14_85914_0__complete.npz,3035,e279a9fa6ca93159bc293d091c2f1dea82dd606f93ce921042c61a7b3e7588d8
annotations/radiopaedia_14_85914_0__complete_fixed_25.npz,2906,0a4bfe337d4b7733372d2ce77f76fd273911fefd3dccb979bef9124ac77cd8f0
annotations/radiopaedia_14_85914_0__complete_fixed_50.npz,2934,2fcd58e40b93ae51c5e2f7fc8b326693e6e13f942754be87b83069a2fecb6d78
annotations/radiopaedia_14_85914_0__complete_fixed_75.npz,3028,b3692ce6a235352a88697418ab3bd2150915dcc2df60d9b4f53250bc3069116a
annotations/radiopaedia_14_85914_0__component_fixed_25.npz,2677,dfac1a286dbd0528ec8f9dcdcad27029ed2baa250e1d4211d910f3e27be59a44
annotations/radiopaedia_14_85914_0__component_fixed_50.npz,2787,4c1e712511b9a27105927dd643b677d0927d17a5fdbd97200d2f1548faa5a9ca
annotations/radiopaedia_14_85914_0__component_fixed_75.npz,2999,ccc249ab7b3495fd457f0af1e39e609444716354436696929eba4f45f1155c9e
annotations/radiopaedia_14_85914_0__component_natural_25.npz,1817,07e20a7009bd5601fcf76ebfba565faeeb603ca136e022a7c9a41a73c6853c81
annotations/radiopaedia_14_85914_0__component_natural_50.npz,2190,8a2a3674a2f1005a16f0c1276b33484142d99f1873fd2feb0099fa1b925209f6
annotations/radiopaedia_14_85914_0__component_natural_75.npz,2627,c979caf835df4814bdbcae2efec435594f05514fad9554d56e0bfedd13c8039e
annotations/radiopaedia_14_85914_0__pixel_dropout_matched_25.npz,1997,99d2ce1935d9000761939dfea93f0600ca42ef5bbbab0ffa305a4edcc0252fc6
annotations/radiopaedia_14_85914_0__pixel_dropout_matched_50.npz,2373,6f45bd5e33b2c4675570ce5750c5e023b659d4f58aaec62d1a171a0132e1f6d8
annotations/radiopaedia_14_85914_0__pixel_dropout_matched_75.npz,2757,cb3549d9c45a9d31fcf84cc8303e222601fc916333b412df2e14559be4fc8363
annotations/radiopaedia_27_86410_0__complete.npz,2346,4efa9a74f445913519b4004672638214cdcd1972f15be6fa53687bd60be1fa27
annotations/radiopaedia_27_86410_0__complete_fixed_25.npz,1878,5929e056264a19bcb6f12e1dfcd3ded558074cc8c0cb1af5ab5585f56bfe2967
annotations/radiopaedia_27_86410_0__complete_fixed_50.npz,2323,556a8eba99e164c83f6a60f5c6b83a522217c8aad5a374c9f9245b3befd1df46
annotations/radiopaedia_27_86410_0__complete_fixed_75.npz,2302,211a6d0d936350715132075c77cd2dfc3e540fd6ce8da8d998bea3ec5e9423b4
annotations/radiopaedia_27_86410_0__component_fixed_25.npz,1769,cef5e53777d20433ddfe2c5044f8d3d7e894438bee5bf71ecb62bfefe487c1c4
annotations/radiopaedia_27_86410_0__component_fixed_50.npz,2236,500d2ece95c39ffd18400ba919cc3c9ed4416c800d498c8d3d8c9768aea4e0cd
annotations/radiopaedia_27_86410_0__component_fixed_75.npz,2256,e44c9c56100ef40a16fa71871573452adb6dce4f9937a308cc5965bf9a0d1046
annotations/radiopaedia_27_86410_0__component_natural_25.npz,1638,6a5b212f65a68ae07b5808a3c4a1f990187e16df0bb24e9a289afae9a7af0615
annotations/radiopaedia_27_86410_0__component_natural_50.npz,1880,89cad4a17e5a5cfb74408d4a26b26552c1be6c7930f7e0f520e0733fd3e91a9f
annotations/radiopaedia_27_86410_0__component_natural_75.npz,2077,a05f9d67544edb1ff100b1911086d05d0b404cc4b0fe544e2601519fadc1b200
annotations/radiopaedia_27_86410_0__pixel_dropout_matched_25.npz,1751,19ecd714c1973e4fc2d641ca7b975f8bc4c39a6847fd60f13585b75a240e183b
annotations/radiopaedia_27_86410_0__pixel_dropout_matched_50.npz,1975,dab20758fb750630f40f0afc6a10f979770b6f635cb17bcaf105fb7b1d1c1591
annotations/radiopaedia_27_86410_0__pixel_dropout_matched_75.npz,2154,274a9a186dc7112be63bf899a275dff2fa8300f9df4edafbc5a327a15afbead2
annotations/radiopaedia_29_86490_1__complete.npz,959,84b9179ff8c8550216d6ed39238fc7fa5a43452cad51a5efa20b3f579e866998
annotations/radiopaedia_29_86490_1__complete_fixed_25.npz,942,df6d4d81e54c616ad65947d95595fc2dd17a8bad9852d6feb64ab1aa706bd5c3
annotations/radiopaedia_29_86490_1__complete_fixed_50.npz,942,2633e3d18398835f9c2d8f119ecd681a494c15e2cf1798487b52ad815cfe1741
annotations/radiopaedia_29_86490_1__complete_fixed_75.npz,959,84b9179ff8c8550216d6ed39238fc7fa5a43452cad51a5efa20b3f579e866998
annotations/radiopaedia_29_86490_1__component_fixed_25.npz,933,a008b56c2d5ba9ac5a7027c1480b9708b69c43ce4be064143d731fe6a563541f
annotations/radiopaedia_29_86490_1__component_fixed_50.npz,933,a008b56c2d5ba9ac5a7027c1480b9708b69c43ce4be064143d731fe6a563541f
annotations/radiopaedia_29_86490_1__component_fixed_75.npz,959,84b9179ff8c8550216d6ed39238fc7fa5a43452cad51a5efa20b3f579e866998
annotations/radiopaedia_29_86490_1__component_natural_25.npz,933,a008b56c2d5ba9ac5a7027c1480b9708b69c43ce4be064143d731fe6a563541f
annotations/radiopaedia_29_86490_1__component_natural_50.npz,933,a008b56c2d5ba9ac5a7027c1480b9708b69c43ce4be064143d731fe6a563541f
annotations/radiopaedia_29_86490_1__component_natural_75.npz,959,84b9179ff8c8550216d6ed39238fc7fa5a43452cad51a5efa20b3f579e866998
annotations/radiopaedia_29_86490_1__pixel_dropout_matched_25.npz,942,30bd5fa4bc1581e1caabc72b9846ef0f10f79d173681be3ae7eb567e6dfb2132
annotations/radiopaedia_29_86490_1__pixel_dropout_matched_50.npz,942,2633e3d18398835f9c2d8f119ecd681a494c15e2cf1798487b52ad815cfe1741
annotations/radiopaedia_29_86490_1__pixel_dropout_matched_75.npz,959,84b9179ff8c8550216d6ed39238fc7fa5a43452cad51a5efa20b3f579e866998
annotations/radiopaedia_29_86491_1__complete.npz,1223,57cc0add4c9b5016c9418109a56c9ed55757b2592b9c7cff4cac34c94a5894c9
annotations/radiopaedia_29_86491_1__complete_fixed_25.npz,1133,f3dc3b44ee320691ab907d797726f1760e792b3944fa4b7a36fe5fc746ce328b
annotations/radiopaedia_29_86491_1__complete_fixed_50.npz,1154,236e1562425968fcade8039b129d07dedb60abef99eb4938c0e7fd31b48f1b0c
annotations/radiopaedia_29_86491_1__complete_fixed_75.npz,1223,57cc0add4c9b5016c9418109a56c9ed55757b2592b9c7cff4cac34c94a5894c9
annotations/radiopaedia_29_86491_1__component_fixed_25.npz,1118,9b2bb99c22be365fd6b49cbd5c610a0286cb816369bb31bfcf62745e762076b0
annotations/radiopaedia_29_86491_1__component_fixed_50.npz,1149,a66df582aa93c1aff6e2367ce6d6a4cd815e719cc12c5bd372e6ca5c599ba8a8
annotations/radiopaedia_29_86491_1__component_fixed_75.npz,1220,4840359ddf60558156a0e84e7fd18fd75ecaef6bc316bc50bd1a160737502462
annotations/radiopaedia_29_86491_1__component_natural_25.npz,1118,9b2bb99c22be365fd6b49cbd5c610a0286cb816369bb31bfcf62745e762076b0
annotations/radiopaedia_29_86491_1__component_natural_50.npz,1149,a66df582aa93c1aff6e2367ce6d6a4cd815e719cc12c5bd372e6ca5c599ba8a8
annotations/radiopaedia_29_86491_1__component_natural_75.npz,1223,57cc0add4c9b5016c9418109a56c9ed55757b2592b9c7cff4cac34c94a5894c9
annotations/radiopaedia_29_86491_1__pixel_dropout_matched_25.npz,1144,d906ab4c5edd8bc7e2f267277d923196df973105246ae43976bf3fd2c66ca315
annotations/radiopaedia_29_86491_1__pixel_dropout_matched_50.npz,1156,96bd2f658f9c4124dbc3a95d165f9c37f48105120eec59cd153956789d538085
annotations/radiopaedia_29_86491_1__pixel_dropout_matched_75.npz,1223,57cc0add4c9b5016c9418109a56c9ed55757b2592b9c7cff4cac34c94a5894c9
annotations/radiopaedia_36_86526_0__complete.npz,4228,a506abb74f763b361a9f922638fc3e1edc2e38de307275af6adf598bf182ec03
annotations/radiopaedia_36_86526_0__complete_fixed_25.npz,2980,57a5003a182c42006107704c6a4481df8751f0bf7711bfbb71930eb20c1fe86e
annotations/radiopaedia_36_86526_0__complete_fixed_50.npz,3732,8e72dbc1d4d2b0ee8986fca0ed0ce346d68e7e72e8a3938fa5ef586170522a51
annotations/radiopaedia_36_86526_0__complete_fixed_75.npz,4208,299d07a7d6311b32dc791c533bdef8e125dfd95f1de83ac1d6e7d90ed1990eec
annotations/radiopaedia_36_86526_0__component_fixed_25.npz,2825,f67e7eec4cd75ea2b6a5d62220f65d5dcbe0e195fe50449e4ad8b28be7c07d07
annotations/radiopaedia_36_86526_0__component_fixed_50.npz,3566,fc253cab9ef49dd664054427cdeab4c102f8e653bd8c7f3758aa3af760c93e43
annotations/radiopaedia_36_86526_0__component_fixed_75.npz,4167,2d0fc2866dc061163b23ec0499a3671d46a837878475226896221698b96cb92f
annotations/radiopaedia_36_86526_0__component_natural_25.npz,2627,3c86fd3e6a963227ddabc10e1b0014d5ef20acb0ed46d4a5f28e46e7f94c8ec0
annotations/radiopaedia_36_86526_0__component_natural_50.npz,3148,a8f6d60d270727a02d9e09be367097e13134615293bab8567603b0143b28b6b2
annotations/radiopaedia_36_86526_0__component_natural_75.npz,3660,e88e5864177420eec04262930ca61278d6784f677d1c16a76913b62d3b1750df
annotations/radiopaedia_36_86526_0__pixel_dropout_matched_25.npz,2852,f9c198f2b88af16994688fa5f1cf59bb10aebfa2b37f4e2a6c86e108695f0a72
annotations/radiopaedia_36_86526_0__pixel_dropout_matched_50.npz,3392,4875b1b5fd7f16ba0256d728ba8c2dd91c87de837360a9a64d0b3178ec676a6d
annotations/radiopaedia_36_86526_0__pixel_dropout_matched_75.npz,3814,66c5c6b2552e0c1a7199dd0f65feb83a863a53410c3bb0120f9b0ca28aa14523
annotations/radiopaedia_40_86625_0__complete.npz,1898,e6829ce5df607a54da76063e4a68eed38c1aa8b12e14df03e971baf8533f7c78
annotations/radiopaedia_40_86625_0__complete_fixed_25.npz,1730,f10300f7f85e8088cc77c2dd5d5eeb1b4b6585ec0228e2dfee0dbaab22793ef5
annotations/radiopaedia_40_86625_0__complete_fixed_50.npz,1898,e6829ce5df607a54da76063e4a68eed38c1aa8b12e14df03e971baf8533f7c78
annotations/radiopaedia_40_86625_0__complete_fixed_75.npz,1885,521d8b9a53cfb738ca1bb1273cda182e9a1fd275fa12a41fe0a45a946edd92da
annotations/radiopaedia_40_86625_0__component_fixed_25.npz,1600,b5619944aeceb7eb52980f3833c3a77b3e20756d878d9b85531bedef7adae52c
annotations/radiopaedia_40_86625_0__component_fixed_50.npz,1859,dfb9655efc688fca08be4616811cf128d19ddc4e3eb8fafcb3e15be8e83bec3a
annotations/radiopaedia_40_86625_0__component_fixed_75.npz,1838,437c4a32af0974507a4395c4ff2966fe2e3d0ea1d3173d0cfcd6ed90f399da33
annotations/radiopaedia_40_86625_0__component_natural_25.npz,1448,b187ac0dedc7eeb2cdd6612e12f0311a3a6d5b87eeac520d2c53768ef7e7fa43
annotations/radiopaedia_40_86625_0__component_natural_50.npz,1674,dc080023e2f18d911384b2dc57922cd24d4c8a1edca3741f6fdd06a3f72fb431
annotations/radiopaedia_40_86625_0__component_natural_75.npz,1757,f09fb837e624d904a73cc6ca18a76663da09bcaa57f54274019d842e3e3bdca6
annotations/radiopaedia_40_86625_0__pixel_dropout_matched_25.npz,1544,e6811ea6cf3530d2d3b9cbda36616c46a3ac8d723faa7f9ad281b07a9e9a4854
annotations/radiopaedia_40_86625_0__pixel_dropout_matched_50.npz,1735,6637d732beeae5f59db3dea6845ed8e6d60b05c211fd61a3c6110ea4b2eeecbc
annotations/radiopaedia_40_86625_0__pixel_dropout_matched_75.npz,1802,ea68986af6d543802a2c39b251a5e9f386b4506d499e41b02dfa43477c35967f
annotations/radiopaedia_4_85506_1__complete.npz,3360,970a105558fe9a94fecf861144d5200db65c4a91347804693bf38dae69940d8b
annotations/radiopaedia_4_85506_1__complete_fixed_25.npz,2403,4cb6f545d28089fdb94e25b2f9be3d1daab2d6aa074b097e511e85426b115b91
annotations/radiopaedia_4_85506_1__complete_fixed_50.npz,2917,e7e391eaf1d8d7de1c859405fd41cb89a1f90bdd22d8d691e992b303f6de68ed
annotations/radiopaedia_4_85506_1__complete_fixed_75.npz,3350,7c3fe91e0a1ff8d2e7cdb3838e28bebdb0465ed87c4cb6423e3f5d13d77777db
annotations/radiopaedia_4_85506_1__component_fixed_25.npz,2216,13620d0c0c7c3c528a34c02ca650fffd2d0e9d7f942522a04cbd9e8f9da65180
annotations/radiopaedia_4_85506_1__component_fixed_50.npz,2779,dce4e91dd0266372c7edbbf92a2039ca31c2f0f3986b56c0f52e28a78486897a
annotations/radiopaedia_4_85506_1__component_fixed_75.npz,3269,279af48009fadf42668fbaa3a66a656843481f24f83b6a7d5be2c677fcc25003
annotations/radiopaedia_4_85506_1__component_natural_25.npz,2130,acc8571f353a88d25f772e2412df92c4b5654d0014dad6361b9ee93fe0dc12ba
annotations/radiopaedia_4_85506_1__component_natural_50.npz,2439,2c26b5e45b5dc965909c9e089a3be0e4b460249e637ff3d227da703164573c68
annotations/radiopaedia_4_85506_1__component_natural_75.npz,2941,5eb8cc65998fb9757faf6a3754be5e9c53b8d1e012c3d4cd1ad3d9dd05cd1748
annotations/radiopaedia_4_85506_1__pixel_dropout_matched_25.npz,2337,384ca220635fc719f731df4a55b7f8c0900bb753cabf389eab415bf9f74fc34b
annotations/radiopaedia_4_85506_1__pixel_dropout_matched_50.npz,2630,902eb51c4504dbeb56ee8dcc8bb39964dc1cc31325dd191cc4317c08838dcd0e
annotations/radiopaedia_4_85506_1__pixel_dropout_matched_75.npz,3040,e953046b90dd77bbbac2cbfdfdf55072cf278ceef04a9ea0c0a17167d476f90a
annotations/radiopaedia_7_85703_0__complete.npz,1459,5637607ba20b742e916cc5303f71d5ad7af00f34ee0529837f256ce7458e70f2
annotations/radiopaedia_7_85703_0__complete_fixed_25.npz,1450,0f25c10d530520ff0249865a78ea8da64ebfc2136fddee2530df0abeecfb639e
annotations/radiopaedia_7_85703_0__complete_fixed_50.npz,1459,5637607ba20b742e916cc5303f71d5ad7af00f34ee0529837f256ce7458e70f2
annotations/radiopaedia_7_85703_0__complete_fixed_75.npz,1430,fd9b4c8e4370a8698de7a54ce3453b05e7b11b69d66be5c29e942f80a6d4524c
annotations/radiopaedia_7_85703_0__component_fixed_25.npz,1424,14f8d8d48b16512259c8707cc8d881d6b1146fb833d44340b00f770e53669f4c
annotations/radiopaedia_7_85703_0__component_fixed_50.npz,1409,16c871fe3686ecb7e9f810a86f0dacf91d0717ad83aaa16bf5d9a4da814b65a6
annotations/radiopaedia_7_85703_0__component_fixed_75.npz,1408,c3dbdbf3e7b02765270c899a297d87ed9812a55c493e4acc22a0994bd29ac2a4
annotations/radiopaedia_7_85703_0__component_natural_25.npz,1197,ffc86bc9268403f33fffd931bf46103d2e16e1a875f5c42e8022be8022615e98
annotations/radiopaedia_7_85703_0__component_natural_50.npz,1288,79958ea317255da03c74cdd2468ca3eee0a755749396d9a1f5fe0daccf119141
annotations/radiopaedia_7_85703_0__component_natural_75.npz,1420,966c21331d57f970f1c2c9fb7981515ce6e378f4fc6b3a9ab2a15bd1187370c5
annotations/radiopaedia_7_85703_0__pixel_dropout_matched_25.npz,1254,2b2ce05d90da3719a7e79d43fb04200f846c8c4abcb571c0ab0d04d9f5c0783f
annotations/radiopaedia_7_85703_0__pixel_dropout_matched_50.npz,1341,c58b07b06fa80a02871a8062650baa816b55d5e1286501661afd7f3fa86f9ee3
annotations/radiopaedia_7_85703_0__pixel_dropout_matched_75.npz,1439,543fa1a7f42789154edb388c6a10f316840d7ced9a5e49ca505b55247cedeeae
images/coronacases_001.npz,5045323,e48b153b74ca8caa686bd4e558f642718a607b50db32687ce804930b089c8bb9
images/coronacases_002.npz,6888573,97f0e820f1e5c7080cfc1807d2c6bac71fb39140e26ff1b77c9151a3fcf1f56d
images/coronacases_003.npz,4182449,7cee07f462b877de38afcdeb7c9e384784432ac16037386a623e39773c3778c7
images/coronacases_004.npz,4206432,51814a5f39e90c90a327f34b341b520e6dd10f132993536953c3ca45bbff3c92
images/coronacases_005.npz,4489009,032cc98dd1b7edcf7e4e3ccf0a0e35c294a1f03cc425a74f6142291b820c4b1b
images/coronacases_006.npz,7905428,a7a399b6b5ea97416d00c7c749d5f5f6d562c5e4c0b9efe287e990a084afef10
images/coronacases_007.npz,5079923,0f9694195e9cae03dca7cd5210e5e16cbcbaebb584510a19dec67acb95d395d2
images/coronacases_008.npz,5127867,85bb2c8a271371bf57e878e9fab68f5fbcd32509f73a42114da1f7dd76c23127
images/coronacases_009.npz,4993174,d6a0b8a856039e27f084b914b7c29543991f51bee6ffc47872a9591470a106dc
images/coronacases_010.npz,5290186,d52dfc517968e062c9bc167c6080991dcb4340baa21042797450412f69ffa53b
images/radiopaedia_10_85902_1.npz,5892355,315972d80b46a09399f12b2cd6731c783a0eb1750af20bb3bd861995495961bd
images/radiopaedia_10_85902_3.npz,12854635,7e7c9c6f00931cc633a5e4c75fc662cc70ac12a2754021ec6a8424bc1403cfe5
images/radiopaedia_14_85914_0.npz,4861026,7231d9013e3b930f4edff7fdca9735747b88e7c29e30d66f2ea980d4331c8bbc
images/radiopaedia_27_86410_0.npz,12019676,9b327449b69e0d56f5bffa694d80823d7e936d33251449349fd5490691a8f865
images/radiopaedia_29_86490_1.npz,6374983,c0cb036eb9ecc0a19882c1cb7d5e69a9ca355ce975571d547d7f0343fafb5c26
images/radiopaedia_29_86491_1.npz,6785460,0b2bcf57b9e2e075a2127b68ce9903c8e6ca811c6ee8079dbd7299079652c89a
images/radiopaedia_36_86526_0.npz,5958946,ae507f4d1b0e09dfc07e6f11ebdc9ba5c4b09b772a5a84cf22fe05bdeb5fe2c2
images/radiopaedia_40_86625_0.npz,12147881,d42ae5d67b39594a4ae867aa442124d9ddc9e18210a653bd3b672768a388ec63
images/radiopaedia_4_85506_1.npz,6263250,d4cb90ca8c2f86d8ff7312420c276a25f025b20ce97f47ffbf1e95a41b4a292d
images/radiopaedia_7_85703_0.npz,7102278,b181c913a931ac14e57169b53273a4892407a2e37d86af7e92dbccd4606a921b
manifest.csv,162697,e482f27b5d2712d4a3befc9fdd330892cc2f389cec06010d04b5746d74a431a3
